mapLength,numberOfPlayers,diceMax,timeToBuildGame,timeToFinishGame,numberOfTurnsByPlayer,numberOfTurns,player1id,player1Pos,player1Coins,,,,,,,,,,,,,
10,5,6,29,1,31,153,0,55,11,1,88,28,2,100,15,3,42,0,4,88,22, 
10,5,6,9,1,42,210,0,94,6,1,86,17,2,84,12,3,63,10,4,100,6, 
10,5,6,10,0,22,109,0,77,15,1,74,31,2,57,5,3,100,23,4,66,15, 
10,5,6,9,1,50,250,0,61,41,1,30,25,2,52,36,3,63,27,4,100,53, 
10,5,6,8,0,28,138,0,62,2,1,62,11,2,100,0,3,32,11,4,33,11, 
10,5,6,8,0,49,245,0,84,20,1,99,26,2,33,17,3,72,8,4,100,21, 
10,5,6,10,0,25,122,0,89,9,1,100,13,2,88,6,3,87,6,4,60,5, 
10,5,6,8,0,33,161,0,100,26,1,38,12,2,99,20,3,63,14,4,63,14, 
10,5,6,8,0,28,138,0,68,31,1,72,17,2,100,39,3,87,5,4,84,23, 
10,5,6,10,0,30,149,0,39,13,1,73,5,2,45,23,3,100,15,4,15,5, 
10,5,6,9,0,52,260,0,99,59,1,99,59,2,74,18,3,76,5,4,100,28, 
10,5,6,11,0,30,150,0,60,0,1,31,3,2,81,16,3,22,10,4,100,15, 
10,5,6,9,0,35,171,0,100,24,1,34,1,2,38,4,3,6,0,4,53,10, 
10,5,6,9,0,38,189,0,79,44,1,46,16,2,86,31,3,100,22,4,79,32, 
10,5,6,9,0,46,229,0,66,30,1,95,23,2,99,40,3,100,52,4,95,26, 
10,5,6,9,0,26,130,0,85,17,1,39,0,2,39,6,3,99,11,4,100,30, 
10,5,6,10,0,38,187,0,61,10,1,100,26,2,94,37,3,83,11,4,80,17, 
10,5,6,10,0,38,190,0,52,12,1,35,4,2,90,10,3,41,10,4,100,30, 
10,5,6,10,0,26,127,0,29,6,1,100,20,2,73,20,3,73,35,4,48,31, 
10,5,6,10,0,29,145,0,30,15,1,55,5,2,40,14,3,64,32,4,100,2, 
10,5,6,10,0,61,302,0,98,29,1,100,63,2,69,18,3,84,24,4,77,15, 
10,5,6,9,0,45,224,0,93,21,1,89,29,2,71,2,3,100,20,4,74,30, 
10,5,6,10,0,31,153,0,57,10,1,68,16,2,100,16,3,68,13,4,66,17, 
10,5,6,9,0,33,163,0,52,10,1,79,27,2,100,40,3,75,15,4,29,15, 
10,5,6,10,0,36,176,0,100,26,1,37,15,2,68,25,3,66,22,4,94,24, 
10,5,6,9,0,32,156,0,100,26,1,59,13,2,43,5,3,88,9,4,43,0, 
10,5,6,9,0,27,135,0,45,13,1,70,2,2,99,35,3,64,14,4,100,24, 
10,5,6,10,0,53,263,0,91,12,1,68,19,2,100,30,3,79,12,4,46,14, 
10,5,6,10,0,41,204,0,98,34,1,85,17,2,63,31,3,100,11,4,63,10, 
10,5,6,9,0,42,208,0,99,12,1,65,5,2,100,25,3,82,0,4,71,12, 
10,5,6,9,0,27,135,0,86,21,1,99,11,2,46,0,3,80,18,4,100,35, 
10,5,6,9,0,43,211,0,100,22,1,93,16,2,55,16,3,49,5,4,50,5, 
10,5,6,9,0,24,116,0,100,24,1,53,23,2,67,26,3,31,26,4,74,20, 
10,5,6,9,0,55,272,0,97,29,1,100,71,2,73,21,3,91,7,4,50,22, 
10,5,6,9,0,32,160,0,46,9,1,62,12,2,65,11,3,64,27,4,100,30, 
10,5,6,9,0,25,125,0,64,19,1,84,8,2,43,0,3,70,5,4,100,22, 
10,5,6,9,0,39,194,0,65,6,1,33,5,2,73,14,3,100,16,4,59,5, 
10,5,6,9,0,46,226,0,100,40,1,27,0,2,78,19,3,54,7,4,93,25, 
10,5,6,8,1,30,147,0,29,6,1,100,15,2,35,0,3,10,0,4,66,36, 
10,5,6,9,0,37,184,0,31,1,1,31,16,2,31,15,3,100,26,4,94,23, 
10,5,6,8,0,23,112,0,75,9,1,100,3,2,52,23,3,58,25,4,74,6, 
10,5,6,9,1,44,217,0,94,24,1,100,11,2,85,18,3,41,18,4,67,15, 
10,5,6,10,0,29,144,0,97,13,1,63,5,2,88,10,3,100,1,4,85,13, 
10,5,6,10,0,41,205,0,69,27,1,96,39,2,92,25,3,74,14,4,100,21, 
10,5,6,9,1,32,157,0,74,30,1,100,8,2,33,14,3,35,8,4,43,10, 
10,5,6,11,0,45,221,0,100,46,1,64,9,2,32,0,3,96,17,4,62,0, 
10,5,6,8,0,26,127,0,90,9,1,100,31,2,81,11,3,44,8,4,61,20, 
10,5,6,8,0,33,162,0,98,5,1,100,16,2,92,33,3,68,17,4,77,13, 
10,5,6,9,0,45,223,0,82,58,1,86,18,2,100,41,3,93,13,4,86,13, 
10,5,6,9,0,29,143,0,93,19,1,99,10,2,100,15,3,63,26,4,98,22, 
10,5,6,9,0,38,186,0,100,53,1,63,27,2,58,23,3,88,19,4,60,12, 
10,5,6,9,0,32,156,0,100,5,1,84,15,2,45,17,3,92,5,4,84,16, 
10,5,6,9,0,25,125,0,48,6,1,69,4,2,42,3,3,96,17,4,100,17, 
10,5,6,8,1,42,207,0,54,5,1,100,5,2,75,11,3,25,7,4,71,14, 
10,5,6,10,0,23,111,0,100,24,1,79,10,2,70,17,3,77,21,4,45,11, 
10,5,6,10,0,39,191,0,100,37,1,26,0,2,82,61,3,26,0,4,67,25, 
10,5,6,13,0,41,204,0,88,21,1,69,15,2,81,16,3,100,46,4,81,24, 
10,5,6,10,0,49,243,0,79,18,1,88,26,2,100,34,3,71,29,4,99,40, 
10,5,6,9,0,51,252,0,88,35,1,100,20,2,88,13,3,86,28,4,38,5, 
10,5,6,9,0,36,179,0,41,10,1,34,11,2,99,21,3,100,15,4,99,9, 
10,5,6,8,0,25,124,0,58,10,1,98,38,2,58,8,3,100,21,4,34,9, 
10,5,6,9,0,32,159,0,99,10,1,53,28,2,75,16,3,100,31,4,85,30, 
10,5,6,9,0,39,191,0,100,15,1,83,22,2,74,17,3,90,32,4,67,13, 
10,5,6,7,1,56,276,0,100,23,1,98,27,2,84,11,3,91,20,4,83,11, 
10,5,6,9,0,28,139,0,59,14,1,81,5,2,98,6,3,100,13,4,61,18, 
10,5,6,9,0,36,180,0,82,7,1,67,16,2,87,19,3,98,10,4,100,33, 
10,5,6,8,0,32,158,0,99,19,1,58,15,2,100,29,3,29,0,4,41,2, 
10,5,6,8,0,55,271,0,100,32,1,99,23,2,90,12,3,86,0,4,77,5, 
10,5,6,9,0,47,233,0,70,12,1,93,14,2,100,49,3,80,31,4,65,13, 
10,5,6,9,0,36,179,0,72,24,1,42,5,2,66,20,3,100,19,4,75,29, 
10,5,6,10,0,37,183,0,66,0,1,58,11,2,100,34,3,96,0,4,53,14, 
10,5,6,11,0,27,131,0,100,21,1,49,9,2,80,15,3,69,12,4,64,34, 
10,5,6,10,1,33,162,0,88,6,1,100,11,2,47,0,3,95,7,4,30,5, 
10,5,6,8,0,37,185,0,77,20,1,51,17,2,50,18,3,81,38,4,100,14, 
10,5,6,8,1,47,232,0,99,13,1,100,6,2,98,15,3,66,13,4,66,12, 
10,5,6,9,0,28,139,0,82,14,1,80,14,2,99,62,3,100,27,4,83,15, 
10,5,6,9,0,35,175,0,91,36,1,89,53,2,97,15,3,55,31,4,100,22, 
10,5,6,8,1,34,170,0,72,4,1,38,15,2,50,16,3,46,10,4,100,26, 
10,5,6,10,0,44,217,0,12,0,1,100,74,2,49,17,3,68,3,4,88,40, 
10,5,6,21,0,33,162,0,55,12,1,100,45,2,54,12,3,46,6,4,62,8, 
10,5,6,11,0,26,129,0,94,16,1,33,16,2,70,20,3,100,16,4,36,18, 
10,5,6,11,0,38,188,0,57,10,1,7,0,2,100,27,3,55,8,4,77,30, 
10,5,6,9,0,29,141,0,100,16,1,99,14,2,85,24,3,82,10,4,99,22, 
10,5,6,9,0,46,228,0,63,15,1,91,34,2,100,10,3,63,20,4,79,25, 
10,5,6,9,0,57,285,0,67,13,1,89,5,2,77,16,3,77,20,4,100,34, 
10,5,6,9,0,43,214,0,97,22,1,87,13,2,91,17,3,100,27,4,97,30, 
10,5,6,9,0,43,215,0,86,43,1,49,5,2,84,36,3,99,27,4,100,34, 
10,5,6,10,0,30,148,0,93,14,1,70,12,2,100,40,3,76,37,4,67,23, 
10,5,6,8,0,37,185,0,98,76,1,24,0,2,61,27,3,39,19,4,100,24, 
10,5,6,9,0,30,147,0,76,11,1,100,30,2,62,0,3,71,21,4,99,25, 
10,5,6,9,0,42,207,0,71,9,1,100,26,2,89,27,3,99,10,4,54,4, 
10,5,6,9,0,27,131,0,100,28,1,99,17,2,49,15,3,20,1,4,54,8, 
10,5,6,9,0,22,107,0,43,0,1,100,6,2,51,9,3,19,1,4,57,0, 
10,5,6,9,0,30,146,0,100,35,1,70,15,2,71,22,3,94,24,4,26,26, 
10,5,6,9,0,27,135,0,9,0,1,62,25,2,44,12,3,35,0,4,100,28, 
10,5,6,8,1,39,191,0,100,19,1,81,11,2,60,24,3,79,21,4,99,24, 
10,5,6,9,0,34,166,0,100,8,1,65,22,2,92,25,3,59,22,4,93,11, 
10,5,6,9,0,33,163,0,93,20,1,99,47,2,100,15,3,71,20,4,81,23, 
10,5,6,9,0,32,159,0,22,9,1,82,12,2,64,19,3,100,5,4,75,27, 
10,5,6,9,0,28,136,0,100,18,1,35,0,2,62,25,3,32,11,4,43,9, 
10,5,6,7,0,33,162,0,84,10,1,100,10,2,70,13,3,47,15,4,74,16, 
10,5,6,9,0,39,191,0,100,15,1,54,27,2,37,5,3,56,7,4,47,30, 
10,5,6,10,0,36,176,0,100,25,1,95,6,2,62,18,3,31,15,4,68,7, 
10,5,6,9,0,35,175,0,98,20,1,81,20,2,69,25,3,80,11,4,100,10, 
10,5,6,9,0,40,199,0,65,10,1,69,14,2,62,10,3,100,31,4,77,15, 
10,5,6,15,1,33,161,0,100,18,1,54,15,2,98,11,3,78,5,4,76,11, 
10,5,6,9,0,29,142,0,29,10,1,100,7,2,60,9,3,79,7,4,57,20, 
10,5,6,8,0,25,125,0,31,8,1,31,10,2,60,15,3,31,1,4,100,5, 
10,5,6,8,0,32,160,0,95,32,1,62,31,2,62,30,3,46,26,4,100,39, 
10,5,6,8,0,22,110,0,45,8,1,63,7,2,55,0,3,63,5,4,100,17, 
10,5,6,7,1,34,167,0,79,17,1,100,35,2,83,15,3,54,11,4,99,15, 
10,5,6,9,0,27,135,0,60,10,1,11,0,2,11,0,3,11,0,4,100,0, 
10,5,6,8,0,46,230,0,88,12,1,98,13,2,59,16,3,81,8,4,100,2, 
10,5,6,8,1,24,120,0,21,0,1,15,0,2,29,0,3,50,6,4,100,11, 
10,5,6,9,0,50,248,0,57,15,1,94,21,2,100,50,3,84,29,4,87,22, 
10,5,6,9,0,42,206,0,100,26,1,91,21,2,80,16,3,90,15,4,94,27, 
10,5,6,8,0,31,154,0,60,15,1,41,0,2,50,10,3,100,23,4,82,34, 
10,5,6,8,0,41,203,0,84,31,1,98,33,2,100,20,3,76,34,4,72,27, 
10,5,6,9,0,20,97,0,36,5,1,100,17,2,72,20,3,55,22,4,60,28, 
10,5,6,9,0,25,122,0,49,24,1,100,29,2,34,2,3,29,5,4,73,19, 
10,5,6,9,0,42,208,0,81,17,1,99,10,2,100,6,3,76,3,4,94,29, 
10,5,6,10,0,33,161,0,100,29,1,31,22,2,91,10,3,50,0,4,40,0, 
10,5,6,9,0,26,128,0,21,0,1,50,22,2,100,8,3,29,27,4,37,15, 
10,5,6,9,0,67,334,0,69,27,1,97,27,2,93,35,3,100,29,4,79,31, 
10,5,6,10,0,34,166,0,100,16,1,92,26,2,73,16,3,57,16,4,95,41, 
10,5,6,9,0,40,200,0,73,7,1,77,22,2,73,17,3,51,9,4,100,29, 
10,5,6,9,0,40,198,0,98,38,1,59,9,2,100,26,3,26,0,4,80,10, 
10,5,6,9,0,35,174,0,75,15,1,79,10,2,41,9,3,100,16,4,79,18, 
10,5,6,9,0,30,146,0,100,26,1,89,13,2,85,10,3,69,11,4,87,41, 
10,5,6,9,0,42,209,0,89,10,1,95,23,2,72,26,3,100,16,4,70,29, 
10,5,6,9,0,51,253,0,82,15,1,91,20,2,100,15,3,99,5,4,84,10, 
10,5,6,8,0,44,219,0,93,11,1,88,11,2,67,13,3,100,32,4,99,10, 
10,5,6,8,0,40,197,0,72,20,1,100,25,2,96,14,3,54,44,4,87,28, 
10,5,6,9,0,43,213,0,87,21,1,33,24,2,100,52,3,31,29,4,69,25, 
10,5,6,9,0,34,169,0,83,15,1,29,10,2,16,15,3,100,5,4,42,5, 
10,5,6,9,0,41,201,0,100,15,1,33,5,2,96,22,3,59,7,4,84,14, 
10,5,6,9,0,52,259,0,89,28,1,73,13,2,73,43,3,100,56,4,73,39, 
10,5,6,10,0,33,164,0,76,12,1,92,35,2,67,14,3,100,17,4,59,12, 
10,5,6,9,0,20,97,0,33,6,1,100,11,2,25,0,3,52,10,4,44,5, 
10,5,6,9,0,31,151,0,100,10,1,74,21,2,47,15,3,27,0,4,71,27, 
10,5,6,9,0,35,172,0,59,9,1,100,5,2,50,20,3,20,0,4,88,17, 
10,5,6,8,0,39,195,0,52,15,1,61,13,2,99,12,3,68,17,4,100,16, 
10,5,6,8,0,24,118,0,42,5,1,27,1,2,100,4,3,27,5,4,66,15, 
10,5,6,9,0,27,132,0,71,20,1,100,37,2,40,10,3,42,24,4,53,1, 
10,5,6,9,0,31,151,0,100,23,1,33,7,2,67,10,3,48,2,4,34,9, 
10,5,6,8,0,29,142,0,64,42,1,100,30,2,54,16,3,28,0,4,35,13, 
10,5,6,9,0,48,238,0,98,14,1,42,7,2,100,40,3,42,5,4,42,13, 
10,5,6,9,0,32,160,0,47,14,1,88,19,2,34,19,3,51,6,4,100,46, 
10,5,6,9,0,43,212,0,89,18,1,100,15,2,88,25,3,58,20,4,74,28, 
10,5,6,9,0,26,127,0,61,19,1,100,22,2,40,9,3,45,18,4,52,13, 
10,5,6,9,0,29,145,0,33,15,1,57,5,2,62,7,3,25,0,4,100,14, 
10,5,6,9,0,33,161,0,100,22,1,86,16,2,94,21,3,69,17,4,67,9, 
10,5,6,10,0,34,168,0,33,0,1,73,9,2,100,24,3,80,14,4,39,7, 
10,5,6,9,0,28,138,0,98,3,1,95,21,2,100,33,3,11,0,4,16,5, 
10,5,6,8,1,36,180,0,87,19,1,99,19,2,64,20,3,89,14,4,100,46, 
10,5,6,9,0,34,169,0,81,3,1,81,1,2,97,35,3,100,36,4,98,38, 
10,5,6,9,0,41,202,0,61,23,1,100,18,2,72,15,3,72,11,4,96,21, 
10,5,6,9,0,31,155,0,53,13,1,88,22,2,43,18,3,44,28,4,100,8, 
10,5,6,9,0,46,228,0,99,13,1,79,16,2,100,37,3,59,16,4,45,25, 
10,5,6,9,0,53,264,0,39,5,1,65,15,2,85,24,3,100,2,4,85,15, 
10,5,6,9,0,42,207,0,72,30,1,100,37,2,93,53,3,99,28,4,54,29, 
10,5,6,8,0,30,146,0,100,20,1,63,11,2,65,24,3,87,12,4,42,19, 
10,5,6,8,1,34,166,0,100,39,1,87,22,2,91,33,3,96,31,4,95,29, 
10,5,6,9,0,26,126,0,100,10,1,46,15,2,95,26,3,51,23,4,53,0, 
10,5,6,9,0,30,150,0,86,15,1,69,34,2,87,30,3,93,31,4,100,29, 
10,5,6,8,0,40,196,0,100,17,1,59,6,2,73,6,3,50,1,4,89,26, 
10,5,6,9,0,35,171,0,100,8,1,83,14,2,84,21,3,97,40,4,72,7, 
10,5,6,9,0,41,204,0,68,24,1,19,43,2,98,31,3,100,18,4,83,21, 
10,5,6,9,0,32,160,0,58,22,1,30,5,2,58,13,3,53,23,4,100,17, 
10,5,6,9,0,43,215,0,99,31,1,71,10,2,96,23,3,84,24,4,100,35, 
10,5,6,9,0,58,290,0,73,32,1,79,15,2,56,38,3,99,20,4,100,18, 
10,5,6,8,0,37,183,0,83,26,1,82,17,2,100,28,3,67,10,4,86,18, 
10,5,6,9,1,43,212,0,99,40,1,100,35,2,39,6,3,40,0,4,42,10, 
10,5,6,9,0,56,278,0,51,46,1,86,13,2,100,26,3,42,8,4,48,3, 
10,5,6,9,0,22,109,0,32,12,1,27,35,2,57,11,3,100,5,4,82,10, 
10,5,6,9,0,29,144,0,75,11,1,54,14,2,98,7,3,100,12,4,70,10, 
10,5,6,8,0,39,194,0,48,11,1,98,6,2,95,23,3,100,42,4,78,7, 
10,5,6,8,0,41,205,0,48,5,1,78,15,2,26,0,3,68,5,4,100,5, 
10,5,6,9,0,32,156,0,100,15,1,62,20,2,51,10,3,41,5,4,30,3, 
10,5,6,8,0,43,214,0,70,22,1,73,38,2,87,20,3,100,52,4,86,37, 
10,5,6,8,0,22,107,0,32,0,1,100,20,2,39,5,3,28,0,4,24,7, 
10,5,6,12,0,31,151,0,100,27,1,65,23,2,44,8,3,43,8,4,42,27, 
10,5,6,9,0,21,102,0,36,0,1,100,8,2,71,25,3,75,12,4,82,7, 
10,5,6,9,0,41,204,0,51,33,1,81,24,2,53,18,3,100,10,4,70,10, 
10,5,6,9,0,70,346,0,100,37,1,63,39,2,99,8,3,67,21,4,63,15, 
10,5,6,9,0,33,163,0,99,21,1,84,13,2,100,34,3,25,10,4,54,7, 
10,5,6,9,0,34,168,0,80,12,1,56,1,2,100,30,3,56,10,4,69,5, 
10,5,6,9,0,45,225,0,81,12,1,85,15,2,70,31,3,81,32,4,100,17, 
10,5,6,9,0,39,195,0,68,27,1,76,24,2,61,10,3,76,10,4,100,36, 
10,5,6,8,1,26,127,0,59,6,1,100,10,2,32,0,3,47,11,4,83,24, 
10,5,6,9,0,41,205,0,71,21,1,89,31,2,41,7,3,55,8,4,100,20, 
10,5,6,9,0,25,121,0,100,34,1,57,12,2,52,11,3,70,25,4,35,8, 
10,5,6,9,0,25,124,0,62,12,1,53,13,2,53,9,3,100,15,4,12,20, 
10,5,6,9,0,41,205,0,96,24,1,94,27,2,67,18,3,85,30,4,100,20, 
10,5,6,9,0,46,228,0,66,6,1,69,11,2,100,64,3,68,7,4,68,26, 
10,5,6,8,0,38,190,0,95,14,1,91,17,2,94,20,3,96,11,4,100,20, 
10,5,6,8,0,30,148,0,62,16,1,62,8,2,100,30,3,69,32,4,59,10, 
10,5,6,8,0,29,142,0,66,41,1,100,10,2,47,39,3,74,14,4,22,5, 
10,5,6,8,0,34,170,0,59,5,1,86,30,2,65,17,3,59,19,4,100,36, 
10,5,6,9,0,39,191,0,100,26,1,65,10,2,41,15,3,83,10,4,68,19, 
10,5,6,8,0,39,194,0,53,11,1,98,13,2,98,37,3,100,33,4,94,19, 
10,5,6,8,0,42,206,0,100,21,1,61,7,2,84,28,3,86,19,4,88,12, 
10,5,6,9,0,42,207,0,29,0,1,100,16,2,83,10,3,22,0,4,87,22, 
10,5,6,9,0,36,180,0,99,17,1,87,34,2,22,3,3,39,0,4,100,8, 
10,5,6,10,0,18,90,0,63,16,1,56,10,2,50,6,3,39,3,4,100,15, 
10,5,6,9,0,24,117,0,93,1,1,100,25,2,22,0,3,36,4,4,98,15, 
10,5,6,9,0,30,146,0,100,31,1,82,22,2,69,14,3,76,13,4,59,16, 
10,5,6,9,0,33,165,0,97,26,1,58,7,2,64,27,3,64,22,4,100,17, 
10,5,6,8,0,19,94,0,43,15,1,43,5,2,88,18,3,100,5,4,43,7, 
10,5,6,9,0,47,234,0,74,8,1,98,12,2,65,5,3,100,29,4,51,12, 
10,5,6,9,0,29,144,0,48,13,1,71,13,2,79,15,3,100,19,4,48,1, 
10,5,6,9,0,27,135,0,25,5,1,30,5,2,47,11,3,30,5,4,100,22, 
10,5,6,9,0,40,197,0,73,37,1,100,29,2,93,10,3,87,51,4,58,0, 
10,5,6,9,0,28,137,0,51,0,1,100,40,2,55,8,3,94,21,4,60,28, 
10,5,6,9,0,33,163,0,91,2,1,51,10,2,100,2,3,72,5,4,99,20, 
10,5,6,9,0,27,134,0,59,5,1,82,24,2,22,5,3,100,14,4,72,16, 
10,5,6,9,0,31,152,0,15,6,1,100,0,2,58,8,3,94,0,4,10,0, 
10,5,6,9,0,21,102,0,60,11,1,100,15,2,65,10,3,49,1,4,41,5, 
10,5,6,8,0,32,159,0,49,0,1,61,24,2,97,36,3,100,28,4,33,5, 
10,5,6,8,0,25,121,0,100,30,1,44,0,2,39,7,3,11,0,4,18,0, 
10,5,6,8,0,58,290,0,99,20,1,94,26,2,51,17,3,79,40,4,100,20, 
10,5,6,9,0,34,169,0,60,17,1,99,14,2,43,0,3,100,13,4,43,20, 
10,5,6,9,0,27,135,0,22,8,1,45,24,2,88,10,3,38,30,4,100,10, 
10,5,6,9,0,34,166,0,100,7,1,89,29,2,69,18,3,64,5,4,59,10, 
10,5,6,8,0,32,158,0,68,13,1,81,30,2,100,39,3,56,15,4,91,32, 
10,5,6,9,0,40,198,0,99,16,1,66,21,2,100,19,3,68,10,4,65,8, 
10,5,6,8,0,30,150,0,57,11,1,83,7,2,99,26,3,84,22,4,100,15, 
10,5,6,8,0,29,141,0,100,6,1,33,8,2,51,10,3,90,8,4,50,6, 
10,5,6,8,0,29,142,0,49,11,1,100,19,2,58,17,3,50,5,4,30,8, 
10,5,6,9,0,42,208,0,79,24,1,60,10,2,100,26,3,99,38,4,82,8, 
10,5,6,10,0,25,124,0,4,0,1,22,0,2,60,0,3,100,15,4,22,0, 
10,5,6,9,0,31,152,0,78,4,1,100,50,2,78,6,3,54,7,4,91,5, 
10,5,6,8,0,28,139,0,73,8,1,34,4,2,88,14,3,100,26,4,48,0, 
10,5,6,7,1,28,137,0,60,22,1,100,10,2,40,9,3,82,15,4,41,11, 
10,5,6,8,0,24,117,0,39,8,1,100,4,2,95,5,3,77,26,4,77,13, 
10,5,6,8,0,29,145,0,54,18,1,62,15,2,92,32,3,78,20,4,100,24, 
10,5,6,9,0,30,148,0,26,0,1,26,5,2,100,15,3,52,11,4,40,12, 
10,5,6,8,0,51,251,0,100,8,1,67,28,2,99,11,3,99,28,4,73,8, 
10,5,6,9,0,26,130,0,81,30,1,33,10,2,67,23,3,32,10,4,100,20, 
10,5,6,8,0,28,136,0,100,35,1,70,3,2,93,16,3,96,16,4,33,10, 
10,5,6,9,0,40,197,0,73,10,1,100,15,2,86,35,3,98,18,4,27,10, 
10,5,6,9,0,35,175,0,45,10,1,99,38,2,86,32,3,43,22,4,100,40, 
10,5,6,8,0,41,204,0,88,25,1,29,13,2,69,5,3,100,10,4,85,52, 
10,5,6,9,0,31,155,0,47,13,1,76,31,2,85,37,3,78,41,4,100,35, 
10,5,6,9,0,44,219,0,80,36,1,81,23,2,77,29,3,100,14,4,97,28, 
10,5,6,9,0,23,111,0,100,13,1,38,0,2,60,1,3,83,11,4,60,5, 
10,5,6,8,0,34,169,0,83,24,1,16,5,2,82,3,3,100,24,4,56,16, 
10,5,6,8,0,36,177,0,61,5,1,100,17,2,76,34,3,56,35,4,76,39, 
10,5,6,9,0,24,119,0,33,8,1,55,11,2,86,22,3,100,26,4,42,5, 
10,5,6,8,0,35,172,0,68,28,1,100,22,2,56,25,3,56,28,4,62,18, 
10,5,6,9,0,49,244,0,99,45,1,72,11,2,88,5,3,100,66,4,81,10, 
10,5,6,9,0,45,224,0,69,15,1,79,22,2,77,10,3,100,22,4,99,11, 
10,5,6,9,0,37,181,0,100,17,1,87,6,2,63,9,3,50,12,4,72,5, 
10,5,6,9,0,43,213,0,78,22,1,99,53,2,100,40,3,90,26,4,86,20, 
10,5,6,10,0,49,245,0,81,31,1,49,2,2,67,21,3,79,13,4,100,6, 
10,5,6,9,0,45,224,0,99,28,1,97,13,2,59,2,3,100,22,4,89,18, 
10,5,6,8,0,40,200,0,80,5,1,97,29,2,94,11,3,96,15,4,100,21, 
10,5,6,9,0,43,211,0,100,39,1,47,8,2,95,40,3,47,9,4,47,10, 
10,5,6,9,0,39,192,0,75,15,1,100,18,2,69,7,3,65,7,4,75,15, 
10,5,6,8,1,31,151,0,100,15,1,48,10,2,63,27,3,92,26,4,99,37, 
10,5,6,9,0,51,254,0,54,20,1,61,32,2,40,14,3,100,10,4,99,52, 
10,5,6,9,0,36,177,0,96,31,1,100,22,2,78,15,3,80,17,4,82,11, 
10,5,6,9,0,45,225,0,91,10,1,76,11,2,74,13,3,92,11,4,100,21, 
10,5,6,9,0,46,229,0,99,17,1,28,1,2,99,24,3,100,31,4,79,19, 
10,5,6,9,0,32,157,0,81,6,1,100,53,2,99,18,3,87,10,4,8,1, 
10,5,6,9,0,31,151,0,100,24,1,89,25,2,86,23,3,99,46,4,73,23, 
10,5,6,8,0,42,210,0,84,16,1,66,10,2,71,39,3,90,20,4,100,62, 
10,5,6,9,0,43,212,0,99,34,1,100,17,2,69,31,3,96,47,4,76,27, 
10,5,6,9,0,21,102,0,76,5,1,100,10,2,75,10,3,48,0,4,56,5, 
10,5,6,9,0,36,178,0,92,0,1,93,19,2,100,11,3,99,13,4,98,30, 
10,5,6,8,0,35,174,0,30,3,1,87,20,2,79,29,3,100,35,4,94,45, 
10,5,6,9,0,31,153,0,98,6,1,94,10,2,100,17,3,97,19,4,67,19, 
10,5,6,8,0,28,138,0,97,10,1,71,10,2,100,12,3,32,5,4,29,10, 
10,5,6,8,0,35,175,0,50,0,1,85,20,2,95,15,3,85,15,4,100,16, 
10,5,6,8,0,40,198,0,87,18,1,57,6,2,100,22,3,71,20,4,51,7, 
10,5,6,8,0,37,182,0,36,0,1,100,19,2,55,8,3,27,10,4,65,15, 
10,5,6,11,0,26,130,0,26,0,1,98,17,2,73,17,3,79,40,4,100,21, 
10,5,6,9,0,32,157,0,87,21,1,100,21,2,32,21,3,81,30,4,84,26, 
10,5,6,8,0,47,234,0,30,16,1,89,40,2,69,26,3,100,25,4,91,28, 
10,5,6,8,0,41,202,0,59,12,1,100,30,2,79,33,3,17,6,4,25,9, 
10,5,6,8,0,45,223,0,39,15,1,80,25,2,100,29,3,80,25,4,98,40, 
10,5,6,9,0,24,119,0,59,0,1,8,2,2,33,0,3,100,6,4,66,5, 
10,5,6,8,0,43,212,0,89,32,1,100,21,2,64,13,3,32,33,4,75,15, 
10,5,6,8,0,41,202,0,73,15,1,100,28,2,93,27,3,24,0,4,46,11, 
10,5,6,8,0,38,189,0,96,27,1,48,15,2,47,5,3,100,5,4,39,11, 
10,5,6,8,0,21,102,0,68,5,1,100,19,2,61,18,3,30,4,4,84,34, 
10,5,6,9,0,55,272,0,99,17,1,100,6,2,82,11,3,79,26,4,80,17, 
10,5,6,9,0,45,225,0,55,14,1,90,29,2,99,12,3,77,6,4,100,5, 
10,5,6,9,0,29,143,0,90,10,1,87,15,2,100,10,3,63,17,4,61,15, 
10,5,6,9,0,24,119,0,59,19,1,46,26,2,53,27,3,100,23,4,52,0, 
10,5,6,9,1,35,175,0,57,7,1,75,13,2,63,8,3,94,13,4,100,16, 
10,5,6,9,0,36,176,0,100,52,1,37,17,2,86,21,3,62,11,4,51,25, 
10,5,6,8,0,32,159,0,54,20,1,59,23,2,78,10,3,100,39,4,83,16, 
10,5,6,8,0,39,194,0,99,41,1,98,28,2,37,8,3,100,19,4,63,5, 
10,5,6,7,1,41,202,0,86,15,1,100,15,2,54,0,3,72,33,4,70,17, 
10,5,6,8,0,30,147,0,69,17,1,100,23,2,89,11,3,79,5,4,79,14, 
10,5,6,9,0,24,117,0,50,0,1,100,5,2,67,22,3,90,11,4,50,0, 
10,5,6,8,0,38,186,0,100,23,1,54,0,2,99,23,3,79,5,4,13,3, 
10,5,6,8,1,34,168,0,71,11,1,79,26,2,100,5,3,96,17,4,69,13, 
10,5,6,8,0,31,152,0,80,5,1,100,16,2,20,5,3,61,19,4,34,1, 
10,5,6,8,0,30,146,0,100,28,1,63,2,2,60,20,3,26,7,4,60,11, 
10,5,6,8,0,35,175,0,54,8,1,78,20,2,41,0,3,51,9,4,100,19, 
10,5,6,8,0,44,218,0,64,5,1,55,10,2,100,14,3,93,13,4,48,11, 
10,5,6,8,0,40,198,0,47,24,1,23,12,2,100,52,3,85,22,4,79,32, 
10,5,6,8,0,36,177,0,97,62,1,100,29,2,66,25,3,44,15,4,53,22, 
10,5,6,8,0,22,108,0,43,13,1,42,17,2,100,0,3,57,14,4,57,6, 
10,5,6,8,0,43,215,0,98,6,1,99,37,2,77,31,3,93,13,4,100,57, 
10,5,6,8,0,35,171,0,100,57,1,79,32,2,80,19,3,79,28,4,71,32, 
10,5,6,8,0,35,171,0,100,21,1,41,6,2,87,29,3,70,6,4,68,24, 
10,5,6,8,0,24,120,0,48,8,1,39,14,2,25,6,3,65,15,4,100,17, 
10,5,6,7,0,33,163,0,29,5,1,29,1,2,100,13,3,90,29,4,29,9, 
10,5,6,12,0,39,191,0,100,18,1,83,17,2,91,6,3,72,18,4,85,12, 
10,5,6,8,0,30,150,0,73,35,1,87,27,2,41,17,3,69,39,4,100,39, 
10,5,6,8,0,47,233,0,92,21,1,92,12,2,100,19,3,87,11,4,86,20, 
10,5,6,9,0,30,148,0,84,3,1,53,5,2,100,13,3,78,9,4,64,0, 
10,5,6,8,0,37,185,0,97,30,1,45,12,2,81,15,3,53,5,4,100,17, 
10,5,6,8,0,38,187,0,88,27,1,100,48,2,77,18,3,34,23,4,77,11, 
10,5,6,9,0,44,220,0,72,6,1,18,7,2,72,6,3,30,1,4,100,32, 
10,5,6,8,0,35,173,0,76,20,1,62,11,2,100,0,3,88,45,4,69,9, 
10,5,6,8,0,27,135,0,83,17,1,51,18,2,76,26,3,25,6,4,100,10, 
10,5,6,8,0,41,202,0,67,22,1,100,32,2,55,31,3,98,27,4,61,42, 
10,5,6,8,0,31,155,0,95,16,1,81,15,2,77,40,3,91,17,4,100,15, 
10,5,6,9,0,35,175,0,99,46,1,50,16,2,71,15,3,61,10,4,100,32, 
10,5,6,10,0,25,124,0,36,10,1,71,10,2,22,5,3,100,15,4,9,3, 
10,5,6,8,0,39,191,0,100,22,1,50,5,2,74,16,3,27,21,4,50,10, 
10,5,6,8,0,32,156,0,100,13,1,86,9,2,88,7,3,43,8,4,63,16, 
10,5,6,11,0,34,170,0,97,13,1,43,5,2,73,8,3,93,4,4,100,15, 
10,5,6,8,0,24,120,0,63,12,1,75,38,2,54,20,3,80,45,4,100,32, 
10,5,6,8,0,53,261,0,100,30,1,99,25,2,84,28,3,90,33,4,87,18, 
10,5,6,8,0,30,147,0,86,15,1,100,34,2,67,22,3,39,17,4,99,9, 
10,5,6,8,0,24,117,0,26,5,1,100,20,2,60,18,3,13,10,4,44,17, 
10,5,6,8,0,38,186,0,100,8,1,86,0,2,99,20,3,65,5,4,99,36, 
10,5,6,9,0,29,141,0,100,18,1,63,5,2,40,0,3,32,10,4,46,5, 
10,5,6,8,0,21,101,0,100,10,1,47,13,2,62,28,3,29,15,4,81,28, 
10,5,6,8,0,30,146,0,100,2,1,63,10,2,36,8,3,31,11,4,63,15, 
10,5,6,8,0,27,135,0,55,25,1,54,5,2,91,24,3,56,0,4,100,29, 
10,5,6,8,0,42,210,0,84,18,1,84,21,2,59,8,3,65,5,4,100,33, 
10,5,6,8,0,39,191,0,100,15,1,71,5,2,62,7,3,86,7,4,14,0, 
10,5,6,8,0,41,204,0,84,14,1,84,10,2,84,6,3,100,6,4,51,5, 
10,5,6,9,0,51,251,0,100,30,1,99,24,2,99,38,3,70,15,4,96,21, 
10,5,6,8,0,28,137,0,47,12,1,100,3,2,86,10,3,52,6,4,52,11, 
10,5,6,8,0,30,150,0,35,25,1,93,34,2,81,10,3,84,27,4,100,40, 
10,5,6,8,0,48,238,0,66,34,1,92,39,2,100,21,3,97,36,4,67,5, 
10,5,6,8,0,43,213,0,99,9,1,75,17,2,100,40,3,91,15,4,72,20, 
10,5,6,9,0,39,193,0,86,26,1,60,0,2,100,24,3,69,13,4,85,30, 
10,5,6,8,0,31,151,0,100,13,1,45,11,2,29,11,3,22,5,4,78,14, 
10,5,6,8,0,51,251,0,100,15,1,90,45,2,47,9,3,51,20,4,49,25, 
10,5,6,9,0,40,197,0,60,24,1,100,19,2,69,19,3,96,45,4,69,9, 
10,5,6,8,0,28,138,0,67,23,1,30,12,2,100,5,3,38,0,4,78,0, 
10,5,6,8,0,36,180,0,68,14,1,79,4,2,47,10,3,99,50,4,100,61, 
10,5,6,8,0,36,176,0,100,12,1,98,21,2,63,18,3,75,21,4,63,7, 
10,5,6,8,0,31,151,0,100,15,1,54,8,2,52,0,3,30,5,4,59,15, 
10,5,6,8,0,40,200,0,97,5,1,76,13,2,85,13,3,99,21,4,100,0, 
10,5,6,8,0,26,129,0,80,9,1,85,32,2,45,21,3,100,28,4,65,8, 
10,5,6,8,0,21,105,0,72,19,1,77,25,2,25,6,3,57,22,4,100,15, 
10,5,6,8,0,34,167,0,83,37,1,100,7,2,90,19,3,84,10,4,94,12, 
10,5,6,8,0,37,184,0,96,32,1,92,49,2,98,30,3,100,35,4,51,10, 
10,5,6,8,0,39,192,0,69,34,1,100,26,2,52,13,3,53,16,4,58,26, 
10,5,6,8,0,38,189,0,65,30,1,59,10,2,70,11,3,100,25,4,95,41, 
10,5,6,8,0,33,164,0,95,31,1,81,44,2,89,16,3,100,42,4,99,35, 
10,5,6,8,0,41,202,0,80,16,1,100,13,2,62,5,3,96,18,4,62,0, 
10,5,6,8,0,43,212,0,82,1,1,100,24,2,38,10,3,42,0,4,38,2, 
10,5,6,9,0,37,182,0,31,15,1,100,15,2,24,10,3,58,10,4,68,5, 
10,5,6,9,0,20,100,0,45,5,1,35,5,2,49,12,3,72,13,4,100,0, 
10,5,6,8,0,51,253,0,87,27,1,75,23,2,100,19,3,87,46,4,87,24, 
10,5,6,9,0,38,186,0,100,24,1,85,33,2,78,16,3,61,11,4,96,36, 
10,5,6,8,0,41,205,0,99,26,1,93,22,2,66,21,3,71,36,4,100,33, 
10,5,6,7,0,34,167,0,75,30,1,100,15,2,88,22,3,77,22,4,79,5, 
10,5,6,8,0,60,296,0,100,20,1,97,17,2,39,20,3,59,14,4,94,19, 
10,5,6,9,0,23,113,0,4,0,1,84,7,2,100,23,3,4,0,4,56,21, 
10,5,6,10,0,27,135,0,42,6,1,65,34,2,23,3,3,90,9,4,100,21, 
10,5,6,8,0,56,276,0,100,30,1,75,3,2,87,18,3,52,7,4,72,8, 
10,5,6,10,0,35,175,0,76,14,1,39,6,2,43,6,3,68,13,4,100,22, 
10,5,6,10,0,48,236,0,100,15,1,71,12,2,76,31,3,75,5,4,99,10, 
10,5,6,9,0,46,229,0,97,14,1,55,21,2,98,30,3,100,20,4,71,19, 
10,5,6,15,0,36,180,0,80,12,1,97,19,2,99,14,3,54,21,4,100,16, 
10,5,6,20,0,29,142,0,99,12,1,100,9,2,68,24,3,80,2,4,57,21, 
10,5,6,8,0,38,190,0,91,15,1,50,5,2,55,26,3,78,26,4,100,21, 
10,5,6,8,0,39,191,0,100,59,1,86,10,2,53,12,3,67,20,4,49,16, 
10,5,6,8,0,32,157,0,84,8,1,100,22,2,57,5,3,76,19,4,86,14, 
10,5,6,8,0,33,164,0,64,15,1,56,4,2,61,0,3,100,10,4,39,26, 
10,5,6,8,0,21,104,0,38,2,1,49,5,2,49,17,3,100,10,4,54,1, 
10,5,6,9,0,35,171,0,100,66,1,77,12,2,32,14,3,80,13,4,84,5, 
10,5,6,8,0,34,166,0,100,22,1,93,16,2,70,23,3,90,15,4,70,22, 
10,5,6,8,0,25,125,0,17,0,1,43,6,2,86,15,3,55,15,4,100,15, 
10,5,6,8,0,33,162,0,99,61,1,100,53,2,28,0,3,6,0,4,85,35, 
10,5,6,8,0,44,220,0,64,20,1,96,11,2,99,54,3,95,11,4,100,24, 
10,5,6,7,0,45,221,0,100,119,1,96,13,2,82,2,3,97,27,4,99,57, 
10,5,6,7,0,26,126,0,100,19,1,56,38,2,91,19,3,17,6,4,58,23, 
10,5,6,8,0,28,137,0,45,21,1,100,32,2,58,23,3,67,9,4,83,34, 
10,5,6,8,0,36,178,0,72,25,1,97,18,2,100,24,3,76,7,4,75,11, 
10,5,6,9,0,42,206,0,100,24,1,95,45,2,89,22,3,98,24,4,36,14, 
10,5,6,8,0,28,140,0,54,0,1,91,15,2,68,10,3,40,19,4,100,16, 
10,5,6,8,0,41,203,0,69,18,1,85,49,2,100,19,3,80,17,4,80,4, 
10,5,6,8,0,35,171,0,100,32,1,88,15,2,97,22,3,56,20,4,83,35, 
10,5,6,9,0,52,257,0,83,16,1,100,27,2,86,11,3,50,10,4,87,25, 
10,5,6,9,0,35,172,0,31,5,1,100,30,2,90,13,3,42,14,4,64,18, 
10,5,6,8,0,35,173,0,70,31,1,45,20,2,100,19,3,84,24,4,77,40, 
10,5,6,8,0,30,146,0,100,9,1,63,11,2,75,5,3,66,0,4,73,5, 
10,5,6,8,0,58,286,0,100,24,1,87,5,2,93,15,3,87,28,4,64,6, 
10,5,6,8,0,46,228,0,69,25,1,97,15,2,100,30,3,95,26,4,54,19, 
10,5,6,8,0,59,291,0,100,13,1,86,45,2,68,26,3,46,32,4,90,34, 
10,5,6,7,0,46,230,0,73,13,1,99,42,2,50,12,3,96,18,4,100,13, 
10,5,6,8,0,44,217,0,99,7,1,100,11,2,87,29,3,99,13,4,98,14, 
10,5,6,8,0,37,183,0,50,17,1,16,14,2,100,5,3,20,4,4,35,0, 
10,5,6,8,0,26,128,0,49,20,1,66,33,2,100,21,3,64,30,4,27,10, 
10,5,6,8,0,22,110,0,73,14,1,67,37,2,59,15,3,17,2,4,100,9, 
10,5,6,8,0,39,193,0,53,8,1,97,4,2,100,21,3,44,17,4,93,14, 
10,5,6,9,0,40,197,0,85,38,1,100,29,2,97,54,3,75,24,4,37,11, 
10,5,6,8,0,47,235,0,58,15,1,72,4,2,86,24,3,76,11,4,100,21, 
10,5,6,8,0,28,136,0,100,34,1,39,4,2,44,5,3,79,20,4,65,15, 
10,5,6,8,0,37,185,0,96,42,1,43,0,2,37,8,3,91,27,4,100,18, 
10,5,6,8,0,20,96,0,100,5,1,50,6,2,51,10,3,50,5,4,92,11, 
10,5,6,9,0,28,136,0,100,10,1,96,20,2,62,7,3,22,8,4,79,7, 
10,5,6,8,0,34,167,0,74,5,1,100,28,2,31,2,3,31,5,4,31,6, 
10,5,6,9,0,36,176,0,100,9,1,99,7,2,91,9,3,98,15,4,88,22, 
10,5,6,8,0,20,98,0,37,15,1,30,10,2,100,28,3,64,6,4,37,1, 
10,5,6,12,0,31,152,0,58,15,1,100,26,2,35,12,3,27,6,4,23,13, 
10,5,6,8,0,36,180,0,97,2,1,20,2,2,88,19,3,95,16,4,100,16, 
10,5,6,8,0,21,101,0,100,19,1,17,0,2,40,11,3,44,20,4,17,0, 
10,5,6,8,0,34,169,0,85,11,1,72,2,2,80,7,3,100,16,4,88,12, 
10,5,6,8,0,28,138,0,88,11,1,31,5,2,100,15,3,31,0,4,59,5, 
10,5,6,8,0,27,133,0,71,16,1,67,1,2,100,25,3,51,10,4,51,10, 
10,5,6,9,0,47,233,0,74,12,1,70,27,2,100,14,3,98,31,4,46,6, 
10,5,6,9,0,46,229,0,38,5,1,99,26,2,38,0,3,100,26,4,41,2, 
10,5,6,8,0,26,130,0,55,11,1,49,14,2,49,16,3,55,28,4,100,25, 
10,5,6,8,0,38,187,0,35,29,1,100,28,2,57,6,3,68,35,4,35,15, 
10,5,6,8,0,47,232,0,46,21,1,100,30,2,64,17,3,95,30,4,99,23, 
10,5,6,9,0,48,240,0,51,22,1,98,28,2,84,21,3,83,28,4,100,23, 
10,5,6,8,0,33,163,0,59,25,1,75,23,2,100,21,3,79,25,4,96,12, 
10,5,6,8,1,41,202,0,97,21,1,100,16,2,73,10,3,79,23,4,59,18, 
10,5,6,8,0,37,183,0,72,15,1,61,8,2,100,10,3,84,10,4,70,16, 
10,5,6,8,0,24,119,0,46,10,1,43,2,2,37,8,3,100,25,4,50,16, 
10,5,6,8,0,29,144,0,36,2,1,98,5,2,69,13,3,100,16,4,37,5, 
10,5,6,8,0,30,146,0,100,16,1,43,15,2,66,16,3,75,14,4,50,25, 
10,5,6,8,1,49,243,0,60,14,1,49,16,2,100,19,3,72,11,4,99,38, 
10,5,6,8,0,33,164,0,55,28,1,61,15,2,81,19,3,100,16,4,62,6, 
10,5,6,8,0,48,237,0,69,21,1,100,8,2,67,37,3,69,10,4,98,17, 
10,5,6,7,0,31,152,0,77,14,1,100,10,2,58,14,3,48,3,4,59,5, 
10,5,6,8,0,40,199,0,59,10,1,54,12,2,71,26,3,100,15,4,81,35, 
10,5,6,9,0,28,138,0,78,16,1,58,10,2,100,46,3,72,6,4,18,5, 
10,5,6,8,0,41,203,0,96,28,1,97,33,2,100,37,3,63,33,4,99,12, 
10,5,6,8,0,34,170,0,94,17,1,46,7,2,97,29,3,69,25,4,100,33, 
10,5,6,8,0,71,352,0,82,28,1,100,10,2,99,12,3,82,37,4,97,14, 
10,5,6,8,0,37,181,0,100,14,1,34,5,2,45,17,3,71,19,4,71,26, 
10,5,6,8,0,24,117,0,52,7,1,100,36,2,59,28,3,78,8,4,27,2, 
10,5,6,8,0,24,117,0,20,8,1,100,22,2,34,17,3,47,24,4,29,3, 
10,5,6,10,0,43,214,0,82,18,1,84,22,2,82,24,3,100,15,4,82,12, 
10,5,6,8,0,25,124,0,56,16,1,59,9,2,81,8,3,100,16,4,55,4, 
10,5,6,8,0,32,158,0,67,11,1,95,4,2,100,41,3,57,22,4,67,13, 
10,5,6,8,0,38,186,0,100,11,1,70,5,2,84,10,3,96,27,4,84,23, 
10,5,6,9,0,22,106,0,100,28,1,11,5,2,46,8,3,32,10,4,32,5, 
10,5,6,8,0,41,201,0,100,27,1,86,28,2,94,21,3,99,29,4,93,21, 
10,5,6,8,0,35,171,0,100,35,1,82,46,2,73,17,3,90,10,4,71,26, 
10,5,6,8,0,47,235,0,99,25,1,90,32,2,69,16,3,41,11,4,100,41, 
10,5,6,8,0,30,147,0,35,35,1,100,41,2,86,10,3,26,3,4,92,23, 
10,5,6,8,0,35,171,0,100,28,1,95,32,2,33,10,3,65,9,4,91,17, 
10,5,6,8,0,27,131,0,100,8,1,51,15,2,69,48,3,29,18,4,73,12, 
10,5,6,8,0,43,212,0,82,29,1,100,19,2,59,22,3,98,66,4,38,25, 
10,5,6,8,0,44,219,0,46,22,1,23,16,2,23,5,3,100,74,4,80,11, 
10,5,6,10,0,32,157,0,97,23,1,100,6,2,51,9,3,99,18,4,90,16, 
10,5,6,8,0,31,153,0,38,8,1,95,18,2,100,21,3,74,35,4,71,15, 
10,5,6,9,0,28,136,0,100,0,1,82,5,2,49,9,3,20,5,4,71,11, 
10,5,6,8,0,35,175,0,80,7,1,63,26,2,97,0,3,84,16,4,100,0, 
10,5,6,8,0,37,184,0,59,5,1,98,0,2,59,5,3,100,1,4,71,9, 
10,5,6,8,0,30,148,0,62,15,1,51,6,2,100,19,3,38,0,4,98,50, 
10,5,6,8,0,30,150,0,73,8,1,82,1,2,99,22,3,30,6,4,100,5, 
10,5,6,8,0,40,199,0,66,35,1,78,33,2,97,22,3,100,6,4,72,26, 
10,5,6,8,0,36,177,0,64,36,1,100,26,2,64,18,3,97,41,4,65,42, 
10,5,6,9,0,40,200,0,64,4,1,39,8,2,64,5,3,88,20,4,100,25, 
10,5,6,8,0,36,180,0,87,33,1,85,21,2,99,40,3,98,22,4,100,40, 
10,5,6,8,0,45,221,0,100,24,1,98,18,2,67,5,3,47,6,4,26,0, 
10,5,6,7,0,30,146,0,100,28,1,20,2,2,86,36,3,96,31,4,54,6, 
10,5,6,7,0,34,167,0,41,23,1,100,26,2,16,0,3,67,19,4,70,10, 
10,5,6,9,1,43,214,0,49,11,1,47,5,2,39,26,3,100,7,4,64,14, 
10,5,6,9,0,51,253,0,83,20,1,96,33,2,100,52,3,75,36,4,82,36, 
10,5,6,8,0,19,94,0,59,20,1,7,0,2,31,0,3,100,18,4,7,0, 
10,5,6,9,0,37,181,0,100,15,1,51,11,2,48,9,3,7,0,4,67,6, 
10,5,6,8,0,34,167,0,62,16,1,100,41,2,82,20,3,23,0,4,62,0, 
10,5,6,9,0,34,168,0,99,12,1,99,38,2,100,12,3,52,15,4,98,41, 
10,5,6,19,0,39,194,0,69,21,1,67,20,2,87,29,3,100,22,4,83,24, 
10,5,6,8,1,29,144,0,56,14,1,64,6,2,70,9,3,100,18,4,49,0, 
10,5,6,8,0,30,146,0,100,42,1,90,21,2,97,25,3,68,18,4,32,5, 
10,5,6,8,0,44,218,0,94,22,1,70,14,2,100,34,3,70,18,4,70,20, 
10,5,6,8,0,42,208,0,33,14,1,99,16,2,100,28,3,82,26,4,70,18, 
10,5,6,8,0,52,256,0,100,72,1,65,20,2,57,25,3,63,44,4,60,43, 
10,5,6,8,0,26,128,0,52,10,1,75,16,2,100,13,3,43,6,4,81,0, 
10,5,6,8,0,31,153,0,99,23,1,46,0,2,100,8,3,46,16,4,98,13, 
10,5,6,9,0,41,203,0,86,13,1,35,12,2,100,16,3,69,18,4,74,12, 
10,5,6,12,0,34,166,0,100,28,1,71,26,2,72,24,3,69,18,4,71,13, 
10,5,6,11,0,48,240,0,60,15,1,89,42,2,70,1,3,66,6,4,100,11, 
10,5,6,8,1,46,227,0,61,20,1,100,39,2,61,11,3,99,8,4,93,24, 
10,5,6,8,0,30,147,0,50,3,1,100,27,2,87,9,3,48,20,4,96,25, 
10,5,6,8,0,28,139,0,57,13,1,76,19,2,86,20,3,100,19,4,49,7, 
10,5,6,7,0,33,162,0,64,15,1,100,16,2,94,15,3,68,11,4,52,4, 
10,5,6,8,0,44,216,0,100,12,1,88,22,2,76,21,3,94,16,4,98,19, 
10,5,6,8,0,31,152,0,58,21,1,100,30,2,94,22,3,11,2,4,24,7, 
10,5,6,8,0,29,142,0,86,20,1,100,4,2,88,8,3,90,21,4,25,5, 
10,5,6,10,0,36,176,0,100,33,1,89,30,2,84,23,3,96,30,4,61,10, 
10,5,6,15,0,35,173,0,47,15,1,76,24,2,100,16,3,73,6,4,46,11, 
10,5,6,8,0,40,197,0,68,15,1,100,33,2,95,38,3,43,9,4,61,24, 
10,5,6,8,0,36,177,0,73,24,1,100,33,2,82,12,3,77,23,4,99,27, 
10,5,6,7,0,31,153,0,97,37,1,51,18,2,100,16,3,86,23,4,46,20, 
10,5,6,8,0,53,265,0,99,16,1,38,1,2,33,0,3,98,24,4,100,17, 
10,5,6,8,0,33,161,0,100,15,1,95,14,2,96,21,3,74,2,4,70,9, 
10,5,6,8,0,24,117,0,86,10,1,100,10,2,39,10,3,77,20,4,39,5, 
10,5,6,8,0,34,166,0,100,10,1,35,15,2,16,0,3,41,0,4,40,3, 
10,5,6,8,0,35,174,0,90,30,1,81,31,2,38,4,3,100,5,4,81,26, 
10,5,6,8,0,57,281,0,100,24,1,81,46,2,90,36,3,57,11,4,67,17, 
10,5,6,8,0,53,264,0,97,8,1,85,10,2,85,20,3,100,58,4,82,15, 
10,5,6,7,0,32,156,0,100,43,1,63,6,2,89,20,3,68,17,4,93,37, 
10,5,6,7,0,44,219,0,64,17,1,99,22,2,79,12,3,100,42,4,45,5, 
10,5,6,8,0,73,362,0,76,41,1,100,29,2,76,36,3,95,48,4,76,28, 
10,5,6,8,0,39,193,0,87,21,1,81,19,2,100,25,3,57,15,4,98,29, 
10,5,6,8,0,26,129,0,76,28,1,39,12,2,5,0,3,100,17,4,20,15, 
10,5,6,8,0,38,187,0,44,0,1,100,65,2,94,47,3,72,20,4,94,20, 
10,5,6,8,0,35,173,0,45,8,1,97,30,2,100,29,3,42,4,4,85,27, 
10,5,6,8,0,29,141,0,100,28,1,55,22,2,47,13,3,80,21,4,44,13, 
10,5,6,7,0,41,205,0,51,15,1,85,15,2,51,2,3,84,26,4,100,12, 
10,5,6,8,0,38,186,0,100,25,1,86,25,2,34,12,3,86,14,4,86,20, 
10,5,6,8,0,38,189,0,84,25,1,64,15,2,73,17,3,100,20,4,94,36, 
10,5,6,8,0,36,178,0,81,22,1,47,12,2,100,20,3,40,1,4,97,5, 
10,5,6,8,0,27,132,0,47,17,1,100,20,2,23,7,3,74,17,4,95,51, 
10,5,6,9,0,34,166,0,100,12,1,83,3,2,91,28,3,90,10,4,67,16, 
10,5,6,9,0,29,145,0,26,0,1,69,5,2,19,4,3,69,15,4,100,29, 
10,5,6,8,0,70,347,0,73,25,1,100,29,2,99,25,3,88,6,4,48,20, 
10,5,6,8,0,30,146,0,100,16,1,57,11,2,81,14,3,99,25,4,50,18, 
10,5,6,7,1,42,208,0,85,20,1,77,15,2,100,65,3,57,17,4,66,20, 
10,5,6,8,0,36,179,0,80,14,1,50,5,2,75,15,3,100,9,4,38,5, 
10,5,6,8,0,32,158,0,34,14,1,99,8,2,100,39,3,55,13,4,99,16, 
10,5,6,8,0,24,119,0,40,20,1,14,10,2,32,10,3,100,35,4,70,8, 
10,5,6,8,0,42,209,0,36,10,1,89,20,2,93,52,3,100,26,4,84,30, 
10,5,6,8,0,38,189,0,72,8,1,52,6,2,52,11,3,100,16,4,80,32, 
10,5,6,9,0,47,233,0,39,31,1,99,53,2,100,58,3,79,33,4,85,59, 
10,5,6,9,0,28,137,0,44,16,1,100,3,2,73,6,3,55,0,4,55,10, 
10,5,6,9,0,33,162,0,92,14,1,100,37,2,91,18,3,84,22,4,54,29, 
10,5,6,9,0,39,191,0,100,35,1,78,9,2,72,19,3,89,7,4,68,20, 
10,5,6,9,0,31,155,0,98,10,1,91,20,2,78,11,3,37,16,4,100,19, 
10,5,6,8,0,40,197,0,91,11,1,100,21,2,50,0,3,91,27,4,37,5, 
10,5,6,8,0,30,147,0,96,62,1,100,37,2,77,18,3,43,25,4,98,34, 
10,5,6,8,0,43,214,0,90,31,1,75,17,2,82,40,3,100,25,4,40,25, 
10,5,6,8,0,29,141,0,100,10,1,75,5,2,85,5,3,82,17,4,64,27, 
10,5,6,7,0,35,171,0,100,26,1,77,6,2,89,29,3,75,25,4,48,19, 
10,5,6,9,0,57,284,0,99,35,1,91,15,2,98,26,3,100,9,4,93,23, 
10,5,6,9,0,35,171,0,100,22,1,75,21,2,97,17,3,99,29,4,78,22, 
10,5,6,9,0,56,278,0,90,6,1,64,0,2,100,8,3,92,8,4,62,10, 
10,5,6,9,0,38,190,0,77,22,1,58,8,2,79,13,3,58,7,4,100,6, 
10,5,6,9,0,34,170,0,47,18,1,95,13,2,52,5,3,50,5,4,100,10, 
10,5,6,9,0,32,160,0,51,7,1,84,5,2,69,20,3,49,18,4,100,32, 
10,5,6,9,0,32,157,0,57,6,1,100,33,2,54,13,3,75,18,4,91,11, 
10,5,6,9,0,34,169,0,99,33,1,99,33,2,94,20,3,100,22,4,15,0, 
10,5,6,9,0,41,205,0,99,17,1,66,13,2,89,14,3,41,19,4,100,27, 
10,5,6,9,0,24,117,0,49,0,1,100,11,2,89,21,3,98,6,4,72,11, 
10,5,6,10,0,25,124,0,25,21,1,40,18,2,38,5,3,100,16,4,38,5, 
10,5,6,9,0,40,200,0,86,18,1,61,5,2,93,5,3,63,3,4,100,27, 
10,5,6,8,0,50,247,0,47,30,1,100,41,2,80,23,3,98,19,4,69,20, 
10,5,6,8,0,36,179,0,86,40,1,88,24,2,92,29,3,100,25,4,91,44, 
10,5,6,8,0,39,195,0,59,10,1,79,4,2,97,12,3,65,21,4,100,34, 
10,5,6,8,0,25,121,0,100,39,1,64,5,2,97,41,3,56,5,4,40,22, 
10,5,6,8,0,39,193,0,26,5,1,74,21,2,100,22,3,32,10,4,56,9, 
10,5,6,8,0,35,173,0,51,5,1,21,2,2,100,9,3,77,5,4,99,29, 
10,5,6,8,0,41,203,0,95,11,1,99,59,2,100,14,3,63,22,4,99,89, 
10,5,6,9,0,41,202,0,22,13,1,100,33,2,22,5,3,70,9,4,22,4, 
10,5,6,9,0,28,139,0,55,8,1,93,26,2,37,5,3,100,20,4,45,7, 
10,5,6,8,0,33,162,0,72,59,1,100,36,2,77,16,3,82,37,4,84,32, 
10,5,6,8,0,25,122,0,32,10,1,100,13,2,68,14,3,51,10,4,69,0, 
10,5,6,8,0,31,151,0,100,27,1,52,29,2,96,34,3,75,10,4,40,21, 
10,5,6,8,0,34,167,0,77,30,1,100,42,2,41,3,3,19,0,4,19,0, 
10,5,6,8,0,64,317,0,98,9,1,100,22,2,47,10,3,47,15,4,63,21, 
10,5,6,8,0,29,145,0,73,7,1,61,6,2,97,39,3,33,16,4,100,22, 
10,5,6,9,0,49,243,0,86,10,1,84,39,2,100,25,3,94,25,4,86,19, 
10,5,6,9,0,47,235,0,98,7,1,98,5,2,46,18,3,54,44,4,100,39, 
10,5,6,9,0,33,161,0,100,26,1,85,26,2,19,8,3,97,21,4,69,1, 
10,5,6,9,0,36,176,0,100,32,1,92,10,2,27,5,3,58,15,4,21,10, 
10,5,6,9,0,37,183,0,85,16,1,80,29,2,100,57,3,71,27,4,68,10, 
10,5,6,8,0,31,153,0,11,5,1,85,24,2,100,20,3,97,19,4,57,15, 
10,5,6,8,0,31,151,0,100,24,1,74,4,2,65,7,3,44,3,4,36,3, 
10,5,6,8,0,44,218,0,95,25,1,96,28,2,100,52,3,94,31,4,95,42, 
10,5,6,8,0,33,162,0,83,6,1,100,25,2,93,23,3,45,13,4,82,19, 
10,5,6,8,0,38,186,0,100,34,1,46,18,2,74,36,3,46,2,4,79,17, 
10,5,6,9,0,32,157,0,54,17,1,100,9,2,87,5,3,90,15,4,11,0, 
10,5,6,9,0,47,232,0,94,10,1,100,25,2,82,20,3,97,45,4,97,16, 
10,5,6,9,0,51,254,0,65,8,1,65,11,2,70,15,3,100,22,4,97,32, 
10,5,6,9,0,40,196,0,100,18,1,41,40,2,85,23,3,69,23,4,50,25, 
10,5,6,9,0,46,228,0,89,31,1,58,9,2,100,32,3,90,60,4,52,27, 
10,5,6,9,0,32,160,0,57,22,1,72,11,2,75,14,3,79,14,4,100,5, 
10,5,6,9,0,29,141,0,100,17,1,59,0,2,77,15,3,29,5,4,51,25, 
10,5,6,8,1,35,173,0,64,5,1,62,26,2,100,15,3,66,20,4,96,16, 
10,5,6,9,0,58,287,0,90,34,1,100,19,2,56,8,3,94,35,4,53,0, 
10,5,6,8,0,31,151,0,100,30,1,82,15,2,60,10,3,53,13,4,61,39, 
10,5,6,8,0,36,180,0,52,29,1,23,34,2,57,27,3,96,45,4,100,23, 
10,5,6,9,0,34,168,0,57,10,1,68,26,2,100,18,3,76,7,4,83,48, 
10,5,6,8,0,31,155,0,86,20,1,86,40,2,56,22,3,86,25,4,100,30, 
10,5,6,8,0,34,167,0,97,16,1,100,30,2,50,0,3,99,15,4,51,0, 
10,5,6,8,0,33,162,0,74,5,1,100,28,2,90,16,3,17,1,4,28,0, 
10,5,6,8,0,31,155,0,99,14,1,71,26,2,74,5,3,57,20,4,100,28, 
10,5,6,8,0,37,182,0,64,22,1,100,20,2,77,19,3,74,17,4,71,30, 
10,5,6,8,0,32,156,0,100,30,1,98,15,2,41,36,3,56,22,4,67,29, 
10,5,6,8,0,42,206,0,100,27,1,88,34,2,69,25,3,89,61,4,88,7, 
10,5,6,9,0,31,152,0,41,14,1,100,9,2,7,0,3,7,0,4,68,7, 
10,5,6,9,0,40,200,0,48,23,1,82,21,2,29,6,3,63,27,4,100,17, 
10,5,6,8,0,29,145,0,17,0,1,62,13,2,36,6,3,69,8,4,100,27, 
10,5,6,9,0,39,191,0,100,8,1,72,26,2,42,2,3,82,23,4,52,5, 
10,5,6,9,0,51,252,0,78,18,1,100,14,2,98,23,3,97,24,4,88,15, 
10,5,6,9,0,35,174,0,78,5,1,61,10,2,35,10,3,100,42,4,28,14, 
10,5,6,9,0,34,167,0,45,13,1,100,19,2,69,39,3,56,19,4,86,16, 
10,5,6,9,0,31,155,0,99,20,1,26,10,2,67,30,3,40,15,4,100,26, 
10,5,6,9,0,36,180,0,80,7,1,55,22,2,39,23,3,61,15,4,100,31, 
10,5,6,8,1,30,146,0,100,24,1,99,7,2,10,0,3,74,8,4,90,16, 
10,5,6,9,0,35,171,0,100,6,1,41,1,2,50,1,3,22,0,4,73,10, 
10,5,6,8,0,53,264,0,57,8,1,90,6,2,85,18,3,100,53,4,73,22, 
10,5,6,9,0,31,151,0,100,30,1,51,0,2,85,10,3,87,17,4,68,0, 
10,5,6,8,0,43,215,0,66,16,1,97,15,2,99,6,3,72,16,4,100,36, 
10,5,6,9,0,64,319,0,70,15,1,53,22,2,64,11,3,100,30,4,99,10, 
10,5,6,9,0,37,182,0,95,15,1,100,32,2,52,5,3,95,21,4,24,2, 
10,5,6,8,0,43,214,0,27,39,1,33,15,2,43,26,3,100,17,4,33,9, 
10,5,6,8,0,34,170,0,98,23,1,83,21,2,76,14,3,76,22,4,100,46, 
10,5,6,8,0,42,208,0,81,22,1,98,21,2,100,21,3,74,12,4,41,19, 
10,5,6,8,0,38,189,0,48,8,1,89,24,2,38,13,3,100,22,4,96,17, 
10,5,6,9,0,38,186,0,100,15,1,99,5,2,52,11,3,81,5,4,99,20, 
10,5,6,9,0,37,181,0,100,31,1,58,7,2,64,23,3,58,6,4,50,0, 
10,5,6,8,0,34,170,0,64,16,1,82,15,2,16,6,3,98,23,4,100,27, 
10,5,6,9,0,76,378,0,85,6,1,85,19,2,100,24,3,85,0,4,85,19, 
10,5,6,9,0,38,189,0,74,15,1,59,43,2,36,11,3,100,38,4,97,39, 
10,5,6,9,0,41,201,0,100,10,1,73,5,2,88,5,3,99,25,4,33,5, 
10,5,6,8,0,36,176,0,100,39,1,74,38,2,48,23,3,91,36,4,96,29, 
10,5,6,8,0,51,255,0,79,5,1,41,43,2,55,72,3,29,5,4,100,26, 
10,5,6,9,0,42,207,0,76,31,1,100,41,2,48,5,3,48,5,4,94,33, 
10,5,6,9,0,40,197,0,81,47,1,100,31,2,25,5,3,22,10,4,46,15, 
10,5,6,8,0,36,178,0,63,11,1,66,34,2,100,21,3,51,15,4,98,29, 
10,5,6,9,0,29,142,0,82,9,1,100,15,2,57,15,3,78,0,4,25,7, 
10,5,6,10,0,29,145,0,56,10,1,63,8,2,99,12,3,56,1,4,100,7, 
10,5,6,8,0,47,232,0,96,34,1,100,14,2,99,34,3,99,20,4,99,42, 
10,5,6,9,0,29,143,0,57,15,1,66,8,2,100,18,3,37,0,4,70,13, 
10,5,6,8,0,44,219,0,84,13,1,77,6,2,53,0,3,100,16,4,95,11, 
10,5,6,8,0,48,240,0,12,0,1,84,18,2,86,23,3,67,16,4,100,16, 
10,5,6,8,0,48,237,0,52,19,1,100,35,2,97,26,3,94,15,4,72,24, 
10,5,6,8,0,41,205,0,69,14,1,62,5,2,69,15,3,99,78,4,100,6, 
10,5,6,8,0,45,222,0,79,0,1,100,5,2,94,11,3,66,0,4,99,7, 
10,5,6,8,0,42,210,0,96,22,1,92,15,2,78,38,3,98,30,4,100,36, 
10,5,6,8,0,32,157,0,50,33,1,100,51,2,73,24,3,83,57,4,43,13, 
10,5,6,8,0,29,145,0,98,15,1,91,24,2,61,20,3,91,5,4,100,43, 
10,5,6,9,0,23,114,0,15,8,1,35,5,2,53,25,3,100,20,4,15,5, 
10,5,6,9,0,32,160,0,59,30,1,69,37,2,37,13,3,97,60,4,100,31, 
10,5,6,8,0,53,262,0,81,20,1,100,16,2,79,9,3,96,12,4,96,36, 
10,5,6,9,0,45,225,0,76,30,1,84,10,2,67,21,3,73,9,4,100,36, 
10,5,6,9,0,33,162,0,71,11,1,100,27,2,53,11,3,68,0,4,80,10, 
10,5,6,8,0,31,152,0,66,20,1,100,32,2,52,23,3,75,37,4,81,23, 
10,5,6,9,0,37,182,0,98,28,1,100,31,2,72,21,3,72,9,4,74,20, 
10,5,6,9,0,51,254,0,57,4,1,64,11,2,89,18,3,100,15,4,63,0, 
10,5,6,8,0,47,233,0,99,37,1,75,29,2,100,20,3,44,17,4,56,14, 
10,5,6,8,1,31,151,0,100,17,1,63,16,2,98,25,3,16,0,4,19,6, 
10,5,6,8,0,30,148,0,80,11,1,38,6,2,100,20,3,76,20,4,62,17, 
10,5,6,8,1,30,146,0,100,28,1,96,34,2,74,17,3,37,10,4,12,9, 
10,5,6,8,0,28,136,0,100,35,1,75,16,2,72,19,3,41,10,4,7,5, 
10,5,6,9,0,21,102,0,61,13,1,100,10,2,40,9,3,56,7,4,46,10, 
10,5,6,9,0,29,144,0,16,2,1,97,15,2,16,3,3,100,24,4,40,9, 
10,5,6,9,0,35,175,0,54,9,1,61,10,2,82,17,3,56,39,4,100,26, 
10,5,6,9,0,31,155,0,60,13,1,72,34,2,57,11,3,75,17,4,100,25, 
10,5,6,9,0,33,162,0,26,0,1,100,8,2,19,0,3,26,5,4,43,10, 
10,5,6,8,1,43,212,0,84,18,1,100,30,2,61,22,3,99,14,4,97,26, 
10,5,6,9,0,34,169,0,88,5,1,63,10,2,78,10,3,100,8,4,61,23, 
10,5,6,8,0,28,140,0,60,3,1,27,4,2,92,15,3,84,4,4,100,14, 
10,5,6,9,0,61,305,0,78,35,1,78,45,2,54,20,3,87,53,4,100,21, 
10,5,6,9,0,33,162,0,75,36,1,100,45,2,92,37,3,97,45,4,40,27, 
10,5,6,8,0,30,147,0,75,14,1,100,18,2,21,0,3,78,11,4,62,25, 
10,5,6,9,0,31,152,0,99,25,1,100,22,2,46,15,3,66,15,4,50,16, 
10,5,6,8,0,51,255,0,92,64,1,70,11,2,70,5,3,93,32,4,100,22, 
10,5,6,9,0,46,229,0,58,19,1,65,13,2,55,16,3,100,11,4,97,24, 
10,5,6,9,0,36,178,0,93,15,1,90,15,2,100,45,3,82,11,4,53,16, 
10,5,6,9,0,41,202,0,91,0,1,100,48,2,66,17,3,33,5,4,87,12, 
10,5,6,9,0,44,217,0,94,11,1,100,22,2,96,23,3,97,16,4,76,17, 
10,5,6,9,0,28,137,0,56,12,1,100,39,2,68,5,3,36,15,4,24,11, 
10,5,6,10,1,41,204,0,37,30,1,65,23,2,78,28,3,100,8,4,23,14, 
10,5,6,8,0,38,190,0,51,33,1,73,24,2,65,30,3,62,12,4,100,45, 
10,5,6,9,0,20,100,0,22,5,1,10,15,2,71,17,3,41,7,4,100,24, 
10,5,6,8,0,35,174,0,89,19,1,91,17,2,73,35,3,100,11,4,24,15, 
10,5,6,8,0,31,154,0,83,24,1,49,0,2,96,16,3,100,27,4,48,22, 
10,5,6,8,0,21,104,0,23,7,1,43,12,2,35,40,3,100,11,4,58,11, 
10,5,6,8,0,34,166,0,100,12,1,48,5,2,87,27,3,57,10,4,94,23, 
10,5,6,7,0,35,171,0,100,17,1,99,13,2,66,0,3,88,19,4,80,10, 
10,5,6,9,0,42,208,0,67,14,1,38,4,2,100,21,3,88,21,4,99,19, 
10,5,6,8,0,29,142,0,39,5,1,100,12,2,33,5,3,33,0,4,33,0, 
10,5,6,8,0,43,212,0,23,5,1,100,4,2,57,0,3,77,0,4,77,11, 
10,5,6,8,0,57,283,0,70,13,1,68,9,2,100,38,3,93,22,4,86,8, 
10,5,6,8,0,44,216,0,100,18,1,64,10,2,95,30,3,40,19,4,79,5, 
10,5,6,9,0,34,166,0,100,26,1,81,12,2,76,46,3,56,15,4,70,27, 
10,5,6,9,0,44,218,0,90,24,1,98,40,2,100,20,3,98,35,4,98,40, 
10,5,6,9,0,36,178,0,73,22,1,58,10,2,100,28,3,69,34,4,71,20, 
10,5,6,8,0,28,139,0,82,11,1,98,22,2,23,17,3,100,40,4,57,22, 
10,5,6,8,0,32,159,0,82,14,1,38,0,2,62,6,3,100,19,4,62,15, 
10,5,6,8,0,48,236,0,100,15,1,99,36,2,81,32,3,62,13,4,66,14, 
10,5,6,9,0,32,160,0,65,5,1,91,12,2,66,14,3,95,23,4,100,21, 
10,5,6,9,0,38,187,0,83,27,1,100,49,2,98,36,3,64,19,4,74,30, 
10,5,6,9,0,21,101,0,100,0,1,38,3,2,88,0,3,41,5,4,39,8, 
10,5,6,8,0,38,190,0,68,4,1,99,40,2,96,23,3,39,29,4,100,36, 
10,5,6,8,0,28,139,0,54,7,1,47,21,2,47,0,3,100,29,4,34,0, 
10,5,6,8,0,34,166,0,100,30,1,78,32,2,51,25,3,81,14,4,79,15, 
10,5,6,8,0,33,161,0,100,20,1,71,12,2,99,53,3,46,10,4,94,15, 
10,5,6,8,0,29,144,0,23,6,1,77,15,2,91,16,3,100,28,4,54,13, 
10,5,6,9,0,32,156,0,100,14,1,88,17,2,57,27,3,92,34,4,29,7, 
10,5,6,9,0,43,215,0,82,43,1,85,38,2,40,0,3,68,32,4,100,61, 
10,5,6,8,0,30,147,0,54,12,1,100,20,2,49,12,3,71,17,4,79,24, 
10,5,6,8,0,24,116,0,100,10,1,87,33,2,46,6,3,41,5,4,35,5, 
10,5,6,8,0,41,203,0,50,20,1,51,2,2,100,9,3,51,15,4,40,10, 
10,5,6,8,0,30,148,0,72,8,1,91,10,2,100,8,3,25,35,4,57,5, 
10,5,6,9,0,27,132,0,68,11,1,100,32,2,40,0,3,16,6,4,45,7, 
10,5,6,9,0,44,219,0,98,18,1,96,27,2,90,13,3,100,24,4,56,7, 
10,5,6,8,0,44,220,0,49,11,1,75,23,2,75,26,3,75,20,4,100,15, 
10,5,6,9,0,41,203,0,78,17,1,34,10,2,100,14,3,38,5,4,77,11, 
10,5,6,8,0,42,209,0,99,58,1,70,16,2,16,7,3,100,46,4,50,8, 
10,5,6,8,0,36,178,0,99,64,1,34,0,2,100,36,3,61,5,4,61,3, 
10,5,6,8,0,55,275,0,99,45,1,86,40,2,86,16,3,86,33,4,100,18, 
10,5,6,9,0,45,225,0,72,36,1,86,20,2,71,14,3,49,14,4,100,27, 
10,5,6,8,0,26,130,0,42,15,1,66,19,2,77,16,3,46,8,4,100,15, 
10,5,6,9,0,42,209,0,94,38,1,77,32,2,96,28,3,100,50,4,93,5, 
10,5,6,9,0,46,230,0,54,11,1,99,27,2,41,31,3,79,13,4,100,15, 
10,5,6,9,0,33,164,0,93,23,1,86,27,2,79,6,3,100,22,4,81,30, 
10,5,6,8,0,24,117,0,88,0,1,100,11,2,36,0,3,73,18,4,86,0, 
10,5,6,8,0,29,142,0,92,22,1,100,15,2,28,8,3,46,0,4,43,0, 
10,5,6,9,0,41,201,0,100,20,1,74,15,2,74,20,3,67,26,4,87,25, 
10,5,6,9,0,40,197,0,85,20,1,100,9,2,25,5,3,85,15,4,35,13, 
10,5,6,9,0,27,134,0,76,25,1,89,5,2,86,32,3,100,16,4,68,11, 
10,5,6,9,0,39,193,0,50,0,1,59,5,2,100,0,3,87,10,4,52,0, 
10,5,6,8,0,48,239,0,86,25,1,83,0,2,77,12,3,100,30,4,63,20, 
10,5,6,8,0,32,158,0,61,9,1,81,20,2,100,19,3,84,30,4,98,44, 
10,5,6,8,0,38,189,0,48,9,1,96,32,2,43,21,3,100,43,4,70,18, 
10,5,6,8,0,28,139,0,43,13,1,70,20,2,66,24,3,100,39,4,8,3, 
10,5,6,8,0,38,187,0,46,5,1,100,26,2,63,21,3,65,6,4,83,13, 
10,5,6,8,0,19,95,0,48,1,1,47,14,2,3,0,3,79,18,4,100,9, 
10,5,6,9,0,23,114,0,54,6,1,79,10,2,60,28,3,100,6,4,23,15, 
10,5,6,7,0,29,144,0,95,25,1,12,0,2,64,5,3,100,5,4,12,5, 
10,5,6,8,0,31,154,0,48,13,1,51,8,2,74,10,3,100,22,4,82,9, 
10,5,6,8,0,21,105,0,59,15,1,26,6,2,36,37,3,55,21,4,100,29, 
10,5,6,8,0,38,188,0,51,22,1,92,25,2,100,41,3,56,28,4,91,27, 
10,5,6,8,0,38,189,0,52,5,1,66,5,2,97,26,3,100,8,4,64,15, 
10,5,6,8,0,41,204,0,57,8,1,82,20,2,98,36,3,100,12,4,44,0, 
10,5,6,8,0,34,168,0,95,35,1,88,17,2,100,40,3,96,20,4,44,7, 
10,5,6,8,0,40,200,0,71,11,1,77,11,2,99,21,3,77,10,4,100,56, 
10,5,6,8,0,27,134,0,98,23,1,64,27,2,70,17,3,100,16,4,43,16, 
10,5,6,9,0,37,182,0,88,15,1,100,6,2,84,30,3,75,8,4,38,5, 
10,5,6,9,0,41,205,0,48,18,1,42,5,2,63,9,3,69,51,4,100,16, 
10,5,6,9,0,29,141,0,100,28,1,19,7,2,68,5,3,8,0,4,47,9, 
10,5,6,8,0,35,173,0,68,20,1,62,9,2,100,14,3,60,11,4,46,11, 
10,5,6,8,0,48,236,0,100,38,1,98,23,2,99,5,3,51,15,4,86,13, 
10,5,6,8,0,34,169,0,49,11,1,15,1,2,85,16,3,100,15,4,85,1, 
10,5,6,9,0,25,121,0,100,37,1,49,23,2,17,10,3,68,32,4,90,28, 
10,5,6,9,0,50,250,0,69,38,1,69,53,2,69,35,3,98,22,4,100,32, 
10,5,6,8,0,24,119,0,34,5,1,80,11,2,47,5,3,100,15,4,69,18, 
10,5,6,9,0,47,234,0,33,8,1,66,12,2,46,13,3,100,35,4,77,22, 
10,5,6,9,0,44,218,0,99,31,1,76,7,2,100,26,3,19,0,4,29,8, 
10,5,6,10,0,43,214,0,99,30,1,70,2,2,83,10,3,100,5,4,98,26, 
10,5,6,8,0,34,170,0,77,25,1,93,19,2,63,21,3,61,19,4,100,34, 
10,5,6,9,0,39,191,0,100,56,1,70,6,2,99,58,3,89,18,4,85,7, 
10,5,6,8,0,31,151,0,100,31,1,19,10,2,91,21,3,51,7,4,28,6, 
10,5,6,9,0,47,233,0,99,48,1,58,31,2,100,43,3,96,62,4,67,20, 
10,5,6,8,0,45,221,0,100,9,1,6,0,2,81,23,3,6,0,4,55,10, 
10,5,6,9,0,41,204,0,97,27,1,84,18,2,91,29,3,100,33,4,99,7, 
10,5,6,9,0,41,204,0,70,53,1,87,24,2,79,35,3,100,21,4,78,41, 
10,5,6,8,0,22,109,0,35,5,1,57,11,2,34,15,3,100,14,4,37,5, 
10,5,6,9,0,34,168,0,62,16,1,73,26,2,100,21,3,51,2,4,60,11, 
10,5,6,8,0,40,196,0,100,30,1,84,34,2,97,7,3,61,10,4,68,6, 
10,5,6,8,0,21,104,0,36,15,1,22,5,2,89,16,3,100,8,4,51,8, 
10,5,6,8,1,37,185,0,80,15,1,62,23,2,59,19,3,75,19,4,100,17, 
10,5,6,8,0,35,174,0,54,8,1,96,26,2,97,43,3,100,29,4,96,37, 
10,5,6,8,0,32,159,0,53,10,1,69,25,2,75,40,3,100,41,4,60,18, 
10,5,6,8,0,25,121,0,100,16,1,27,8,2,38,3,3,29,6,4,71,1, 
10,5,6,8,0,41,203,0,53,21,1,71,16,2,100,45,3,60,18,4,53,17, 
10,5,6,8,0,32,157,0,56,24,1,100,23,2,88,19,3,77,44,4,93,32, 
10,5,6,8,0,36,177,0,62,12,1,100,36,2,58,30,3,45,15,4,99,23, 
10,5,6,8,1,32,160,0,74,0,1,96,15,2,48,0,3,48,10,4,100,27, 
10,5,6,8,0,31,151,0,100,26,1,49,0,2,25,8,3,62,14,4,88,9, 
10,5,6,8,0,24,119,0,79,5,1,43,0,2,57,1,3,100,24,4,56,15, 
10,5,6,8,1,58,286,0,100,27,1,74,16,2,74,16,3,72,6,4,93,12, 
10,5,6,8,0,37,183,0,87,29,1,62,10,2,100,20,3,64,31,4,34,0, 
10,5,6,9,0,30,149,0,98,33,1,41,9,2,99,10,3,100,15,4,59,29, 
10,5,6,8,0,41,204,0,69,55,1,47,5,2,99,11,3,100,19,4,65,5, 
10,5,6,8,0,33,161,0,100,25,1,70,17,2,71,15,3,77,3,4,96,22, 
10,5,6,8,0,40,196,0,100,29,1,71,17,2,96,26,3,65,6,4,46,5, 
10,5,6,9,0,43,211,0,100,33,1,59,9,2,98,10,3,52,0,4,98,16, 
10,5,6,8,0,32,159,0,98,24,1,63,21,2,99,27,3,100,15,4,51,10, 
10,5,6,8,0,36,177,0,77,28,1,100,27,2,76,15,3,41,3,4,97,10, 
10,5,6,8,0,39,194,0,66,4,1,97,28,2,98,39,3,100,7,4,51,16, 
10,5,6,8,0,36,179,0,49,20,1,99,24,2,95,42,3,100,15,4,46,7, 
10,5,6,8,0,32,159,0,99,34,1,49,15,2,73,11,3,100,6,4,99,33, 
10,5,6,8,0,33,163,0,23,14,1,88,15,2,100,33,3,19,23,4,34,5, 
10,5,6,8,0,23,114,0,40,10,1,52,0,2,36,10,3,100,15,4,41,0, 
10,5,6,7,0,35,173,0,44,22,1,77,34,2,100,45,3,98,31,4,90,25, 
10,5,6,7,0,24,118,0,55,6,1,21,11,2,100,15,3,71,11,4,38,8, 
10,5,6,8,0,40,196,0,100,27,1,86,7,2,83,23,3,70,27,4,83,14, 
10,5,6,8,0,28,139,0,83,31,1,61,23,2,67,18,3,100,28,4,60,13, 
10,5,6,8,0,44,219,0,99,16,1,32,21,2,98,22,3,100,9,4,67,28, 
10,5,6,7,0,27,131,0,100,25,1,77,17,2,40,5,3,54,5,4,54,16, 
10,5,6,8,0,27,134,0,80,16,1,78,5,2,71,17,3,100,15,4,91,0, 
10,5,6,9,0,29,145,0,55,24,1,37,6,2,37,11,3,20,10,4,100,17, 
10,5,6,8,0,27,133,0,45,5,1,23,5,2,100,36,3,75,21,4,45,15, 
10,5,6,8,0,39,191,0,100,26,1,78,20,2,48,14,3,48,20,4,65,10, 
10,5,6,9,0,34,167,0,32,7,1,100,53,2,77,26,3,24,4,4,98,20, 
10,5,6,9,0,24,118,0,73,13,1,64,5,2,100,16,3,60,15,4,9,5, 
10,5,6,9,0,45,224,0,92,52,1,86,32,2,40,41,3,100,41,4,51,39, 
10,5,6,9,0,35,173,0,45,3,1,56,0,2,100,7,3,98,11,4,56,2, 
10,5,6,9,0,24,120,0,81,13,1,41,6,2,69,6,3,52,16,4,100,17, 
10,5,6,9,0,65,325,0,54,22,1,54,10,2,81,1,3,88,4,4,100,15, 
10,5,6,8,0,29,142,0,35,18,1,100,15,2,93,29,3,70,32,4,35,28, 
10,5,6,9,0,42,207,0,99,15,1,100,31,2,99,14,3,84,26,4,99,16, 
10,5,6,9,0,56,280,0,76,15,1,69,51,2,26,14,3,50,33,4,100,32, 
10,5,6,7,0,37,185,0,47,15,1,54,12,2,85,20,3,65,16,4,100,10, 
10,5,6,8,0,36,179,0,78,13,1,44,5,2,56,8,3,100,70,4,75,5, 
10,5,6,8,0,29,144,0,73,15,1,75,10,2,51,26,3,100,37,4,75,50, 
10,5,6,8,0,46,228,0,76,10,1,77,20,2,100,21,3,62,13,4,47,20, 
10,5,6,9,0,43,215,0,14,0,1,36,23,2,46,17,3,52,20,4,100,35, 
10,5,6,10,0,38,188,0,76,12,1,21,32,2,100,52,3,92,25,4,98,31, 
10,5,6,9,0,38,186,0,100,21,1,78,15,2,78,28,3,99,40,4,72,16, 
10,5,6,9,0,36,180,0,22,0,1,36,0,2,24,11,3,70,10,4,100,28, 
10,5,6,8,0,34,167,0,64,28,1,100,56,2,76,14,3,34,22,4,72,7, 
10,5,6,8,1,32,157,0,99,12,1,100,24,2,64,22,3,99,20,4,24,2, 
10,5,6,10,0,31,154,0,75,62,1,60,25,2,71,20,3,100,41,4,64,17, 
10,5,6,8,0,24,116,0,100,25,1,80,16,2,36,16,3,56,0,4,55,16, 
10,5,6,8,0,39,191,0,100,21,1,55,14,2,94,22,3,72,23,4,60,21, 
10,5,6,8,0,33,164,0,51,17,1,66,7,2,42,12,3,100,20,4,42,0, 
10,5,6,9,0,35,174,0,50,17,1,90,0,2,38,2,3,100,14,4,97,27, 
10,5,6,9,0,46,227,0,5,0,1,100,34,2,28,10,3,13,5,4,60,16, 
10,5,6,9,0,27,132,0,46,3,1,100,30,2,40,10,3,52,7,4,41,7, 
10,5,6,9,0,42,207,0,97,52,1,100,17,2,75,29,3,73,24,4,71,7, 
10,5,6,9,0,46,228,0,64,14,1,64,20,2,100,26,3,76,10,4,78,56, 
10,5,6,9,0,28,136,0,100,17,1,89,2,2,81,1,3,36,9,4,47,23, 
10,5,6,8,0,56,276,0,100,48,1,69,13,2,97,14,3,83,10,4,56,17, 
10,5,6,8,0,50,247,0,96,5,1,100,6,2,87,8,3,72,0,4,60,5, 
10,5,6,8,0,22,107,0,98,19,1,100,21,2,86,15,3,67,23,4,80,22, 
10,5,6,8,0,51,253,0,78,24,1,99,32,2,100,51,3,78,32,4,81,30, 
10,5,6,9,0,28,140,0,44,25,1,59,29,2,87,11,3,70,20,4,100,46, 
10,5,6,8,1,45,221,0,100,36,1,96,33,2,98,88,3,98,22,4,93,39, 
10,5,6,8,0,35,175,0,33,10,1,98,25,2,38,0,3,67,10,4,100,27, 
10,5,6,8,0,33,163,0,85,20,1,70,8,2,100,45,3,88,21,4,48,5, 
10,5,6,8,0,43,214,0,98,56,1,69,21,2,79,0,3,100,51,4,69,38, 
10,5,6,9,0,37,181,0,100,39,1,57,16,2,42,20,3,60,20,4,93,46, 
10,5,6,9,0,31,152,0,80,5,1,100,15,2,78,8,3,36,0,4,99,65, 
10,5,6,8,0,34,167,0,95,3,1,100,0,2,34,9,3,71,10,4,71,0, 
10,5,6,8,0,56,276,0,100,16,1,93,19,2,86,34,3,88,19,4,99,13, 
10,5,6,8,0,28,137,0,62,14,1,100,6,2,60,5,3,61,13,4,65,11, 
10,5,6,8,1,51,253,0,60,21,1,89,19,2,100,10,3,77,10,4,97,15, 
10,5,6,8,0,52,258,0,72,22,1,97,30,2,100,31,3,93,32,4,72,23, 
10,5,6,8,0,26,127,0,60,9,1,100,21,2,66,5,3,76,11,4,6,0, 
10,5,6,8,0,51,251,0,100,15,1,77,26,2,74,30,3,97,37,4,35,20, 
10,5,6,9,0,36,180,0,79,26,1,29,13,2,74,34,3,46,20,4,100,26, 
10,5,6,8,0,28,138,0,50,3,1,84,17,2,100,58,3,90,18,4,30,15, 
10,5,6,9,0,23,111,0,100,11,1,50,15,2,79,9,3,36,2,4,48,5, 
10,5,6,9,0,29,142,0,34,11,1,100,36,2,88,13,3,59,12,4,37,11, 
10,5,6,8,0,40,196,0,100,30,1,87,34,2,67,27,3,16,0,4,24,2, 
10,5,6,9,0,43,211,0,100,15,1,92,11,2,94,13,3,74,14,4,84,25, 
10,5,6,8,0,36,179,0,81,26,1,7,23,2,12,14,3,100,27,4,99,13, 
10,5,6,9,0,42,210,0,81,13,1,94,47,2,99,15,3,37,3,4,100,13, 
10,5,6,8,0,31,155,0,95,18,1,59,11,2,61,5,3,76,24,4,100,10, 
10,5,6,9,0,22,109,0,45,5,1,35,14,2,55,11,3,100,31,4,61,17, 
10,5,6,9,0,28,136,0,100,28,1,60,8,2,43,33,3,58,9,4,87,6, 
10,5,6,9,0,25,125,0,54,17,1,39,7,2,89,28,3,94,14,4,100,21, 
10,5,6,9,0,33,164,0,91,15,1,89,23,2,61,25,3,100,15,4,47,25, 
10,5,6,8,1,35,174,0,86,15,1,53,10,2,85,16,3,100,17,4,95,20, 
10,5,6,9,0,29,141,0,100,36,1,83,20,2,66,5,3,41,21,4,71,27, 
10,5,6,8,1,33,161,0,100,17,1,79,11,2,82,44,3,40,7,4,99,38, 
10,5,6,9,0,31,152,0,69,27,1,100,18,2,75,13,3,89,24,4,53,5, 
10,5,6,8,0,42,208,0,96,15,1,61,2,2,100,36,3,87,35,4,37,13, 
10,5,6,9,0,34,170,0,65,24,1,57,15,2,80,35,3,30,0,4,100,38, 
10,5,6,9,0,38,186,0,100,19,1,29,17,2,65,34,3,59,5,4,77,7, 
10,5,6,9,0,26,130,0,31,15,1,52,10,2,43,5,3,3,0,4,100,6, 
10,5,6,9,0,24,119,0,51,8,1,94,21,2,39,3,3,100,9,4,33,0, 
10,5,6,9,0,26,129,0,56,10,1,10,0,2,29,6,3,100,10,4,44,3, 
10,5,6,9,0,25,125,0,48,12,1,25,12,2,64,13,3,58,5,4,100,22, 
10,5,6,8,0,41,202,0,33,1,1,100,20,2,33,5,3,15,1,4,33,10, 
10,5,6,9,0,42,208,0,59,7,1,27,1,2,100,31,3,37,10,4,65,0, 
10,5,6,8,0,24,117,0,44,4,1,100,16,2,44,15,3,50,15,4,21,10, 
10,5,6,8,0,40,198,0,82,21,1,86,42,2,100,62,3,23,1,4,82,21, 
10,5,6,8,0,36,180,0,83,27,1,80,11,2,14,0,3,84,7,4,100,22, 
10,5,6,8,0,25,123,0,65,17,1,43,10,2,100,22,3,98,23,4,20,0, 
10,5,6,9,0,39,195,0,60,21,1,58,19,2,58,28,3,98,37,4,100,22, 
10,5,6,9,0,25,125,0,79,30,1,52,11,2,67,13,3,26,0,4,100,37, 
10,5,6,9,0,40,198,0,99,34,1,90,5,2,100,13,3,30,15,4,88,19, 
10,5,6,8,0,31,153,0,49,15,1,74,25,2,100,29,3,89,30,4,59,15, 
10,5,6,8,0,46,230,0,85,37,1,85,38,2,78,24,3,99,44,4,100,45, 
10,5,6,8,1,40,199,0,60,12,1,65,5,2,75,11,3,100,37,4,27,5, 
10,5,6,9,0,40,198,0,83,32,1,81,20,2,100,39,3,63,24,4,30,9, 
10,5,6,8,0,57,281,0,100,39,1,97,30,2,97,45,3,82,16,4,97,34, 
10,5,6,8,0,40,199,0,43,10,1,54,21,2,81,20,3,100,36,4,99,50, 
10,5,6,9,0,11,51,0,100,0,1,41,10,2,14,5,3,18,5,4,32,0, 
10,5,6,8,0,36,179,0,91,31,1,98,42,2,95,3,3,100,23,4,99,39, 
10,5,6,9,0,32,160,0,78,15,1,63,12,2,81,27,3,63,13,4,100,5, 
10,5,6,9,0,44,219,0,69,17,1,61,30,2,91,30,3,100,31,4,47,31, 
10,5,6,10,0,41,204,0,58,37,1,70,9,2,58,9,3,100,29,4,99,26, 
10,5,6,8,0,27,132,0,65,21,1,100,19,2,32,0,3,65,27,4,32,8, 
10,5,6,8,0,31,151,0,100,21,1,51,0,2,68,31,3,67,12,4,38,4, 
10,5,6,9,0,29,144,0,16,0,1,96,5,2,71,24,3,100,1,4,71,1, 
10,5,6,9,0,27,134,0,58,17,1,73,17,2,75,18,3,100,13,4,67,13, 
10,5,6,8,0,39,193,0,39,9,1,78,22,2,100,19,3,52,25,4,52,16, 
10,5,6,8,0,36,177,0,68,19,1,100,20,2,96,16,3,82,26,4,92,17, 
10,5,6,8,0,33,161,0,100,17,1,98,12,2,59,28,3,82,24,4,59,7, 
10,5,6,9,0,23,114,0,58,1,1,80,16,2,58,12,3,100,28,4,40,14, 
10,5,6,8,0,28,138,0,81,20,1,43,3,2,100,33,3,52,6,4,62,3, 
10,5,6,8,0,41,202,0,93,30,1,100,35,2,97,42,3,96,19,4,99,42, 
10,5,6,8,0,49,245,0,90,18,1,67,19,2,67,16,3,80,22,4,100,20, 
10,5,6,8,0,24,119,0,10,6,1,10,6,2,89,20,3,100,25,4,58,7, 
10,5,6,8,0,19,94,0,40,5,1,45,6,2,38,10,3,100,10,4,76,16, 
10,5,6,9,0,35,174,0,78,18,1,85,16,2,69,11,3,100,24,4,76,5, 
10,5,6,9,0,40,200,0,87,26,1,88,21,2,84,42,3,99,31,4,100,24, 
10,5,6,9,0,38,187,0,60,15,1,100,42,2,84,35,3,60,11,4,75,9, 
10,5,6,9,0,37,184,0,35,1,1,43,0,2,98,31,3,100,20,4,90,15, 
10,5,6,8,0,46,227,0,82,16,1,100,19,2,61,9,3,69,4,4,63,16, 
10,5,6,9,0,39,195,0,78,20,1,42,26,2,94,47,3,79,20,4,100,49, 
10,5,6,8,0,34,168,0,82,32,1,65,13,2,100,11,3,85,21,4,71,7, 
10,5,6,8,0,30,150,0,38,11,1,30,5,2,16,0,3,70,18,4,100,15, 
10,5,6,9,0,29,143,0,88,20,1,26,5,2,100,17,3,49,15,4,67,5, 
10,5,6,9,0,32,157,0,96,21,1,100,16,2,90,14,3,78,32,4,78,12, 
10,5,6,9,0,24,116,0,100,17,1,44,13,2,76,5,3,74,18,4,55,18, 
10,5,6,9,0,40,199,0,81,16,1,99,22,2,64,12,3,100,25,4,73,20, 
10,5,6,9,0,45,221,0,100,3,1,68,1,2,76,14,3,79,26,4,47,5, 
10,5,6,9,0,30,149,0,51,2,1,60,3,2,42,2,3,100,28,4,77,11, 
10,5,6,9,0,45,221,0,100,28,1,66,5,2,99,8,3,80,30,4,93,0, 
10,5,6,9,0,39,191,0,100,35,1,90,35,2,64,18,3,72,22,4,31,22, 
10,5,6,8,0,34,168,0,72,21,1,98,30,2,100,11,3,87,21,4,98,36, 
10,5,6,8,0,50,250,0,95,33,1,72,22,2,99,16,3,86,26,4,100,11, 
10,5,6,8,0,55,271,0,100,41,1,74,11,2,99,26,3,90,34,4,72,15, 
10,5,6,9,0,53,264,0,86,20,1,86,32,2,98,21,3,100,23,4,99,46, 
10,5,6,8,0,28,139,0,85,37,1,96,21,2,96,5,3,100,31,4,60,29, 
10,5,6,9,0,47,235,0,57,18,1,77,12,2,95,31,3,83,15,4,100,17, 
10,5,6,8,0,38,187,0,70,7,1,100,8,2,78,0,3,47,9,4,80,11, 
10,5,6,8,0,28,139,0,59,32,1,43,10,2,67,7,3,100,17,4,55,25, 
10,5,6,8,0,18,88,0,22,0,1,61,9,2,100,11,3,10,0,4,98,11, 
10,5,6,7,0,40,196,0,100,40,1,92,26,2,59,12,3,59,9,4,41,4, 
10,5,6,8,0,33,164,0,82,47,1,77,50,2,71,23,3,100,39,4,72,51, 
10,5,6,8,0,33,164,0,52,0,1,41,15,2,63,29,3,100,12,4,52,16, 
10,5,6,7,1,45,221,0,100,37,1,88,25,2,55,5,3,77,13,4,99,59, 
10,5,6,8,0,36,179,0,99,32,1,23,12,2,34,1,3,100,19,4,67,16, 
10,5,6,8,0,28,139,0,84,12,1,97,42,2,47,21,3,100,22,4,61,20, 
10,5,6,8,1,33,163,0,69,12,1,75,35,2,100,15,3,96,15,4,97,9, 
10,5,6,8,0,14,68,0,5,0,1,13,0,2,100,0,3,40,0,4,17,0, 
10,5,6,7,1,29,142,0,36,0,1,100,22,2,36,0,3,60,5,4,74,5, 
10,5,6,8,0,18,86,0,100,10,1,6,0,2,67,0,3,68,10,4,47,5, 
10,5,6,7,0,34,168,0,38,8,1,99,30,2,100,21,3,53,5,4,98,38, 
10,5,6,8,0,42,209,0,66,29,1,48,8,2,48,12,3,100,40,4,71,22, 
10,5,6,8,0,37,184,0,6,0,1,80,22,2,56,5,3,100,19,4,89,17, 
10,5,6,7,0,22,106,0,100,5,1,79,31,2,65,5,3,63,46,4,45,16, 
10,5,6,7,0,38,186,0,100,16,1,84,31,2,91,15,3,97,7,4,69,23, 
10,5,6,13,0,35,174,0,76,15,1,88,9,2,60,6,3,100,14,4,32,6, 
10,5,6,8,0,37,182,0,89,37,1,100,21,2,40,17,3,40,10,4,44,5, 
10,5,6,8,0,39,194,0,77,25,1,47,26,2,65,22,3,100,29,4,36,19, 
10,5,6,8,0,38,189,0,89,51,1,65,37,2,78,30,3,100,32,4,27,4, 
10,5,6,8,0,34,167,0,61,15,1,100,13,2,44,26,3,88,34,4,99,43, 
10,5,6,9,0,36,176,0,100,21,1,99,4,2,36,4,3,36,1,4,65,7, 
10,5,6,9,0,49,241,0,100,10,1,97,40,2,99,11,3,88,5,4,95,17, 
10,5,6,9,0,56,280,0,54,21,1,81,28,2,90,27,3,66,34,4,100,70, 
10,5,6,9,0,41,205,0,33,2,1,78,13,2,51,2,3,78,14,4,100,29, 
10,5,6,9,0,31,153,0,62,18,1,71,12,2,100,15,3,99,40,4,67,14, 
10,5,6,8,0,30,148,0,45,56,1,99,28,2,100,36,3,53,15,4,90,45, 
10,5,6,7,0,36,176,0,100,35,1,47,5,2,82,7,3,59,15,4,99,53, 
10,5,6,8,0,38,189,0,94,14,1,71,18,2,50,15,3,100,20,4,97,8, 
10,5,6,9,0,28,138,0,45,19,1,38,24,2,100,42,3,97,16,4,96,52, 
10,5,6,9,0,26,126,0,100,8,1,73,13,2,51,11,3,45,4,4,14,6, 
10,5,6,8,1,38,188,0,61,0,1,61,4,2,100,17,3,95,12,4,82,20, 
10,5,6,8,0,33,162,0,87,33,1,100,25,2,99,39,3,99,35,4,64,12, 
10,5,6,8,0,36,177,0,60,11,1,100,10,2,97,24,3,34,8,4,70,9, 
10,5,6,9,0,26,129,0,32,9,1,30,15,2,73,12,3,100,5,4,30,5, 
10,5,6,9,0,31,151,0,100,37,1,99,25,2,70,35,3,76,23,4,76,19, 
10,5,6,8,0,45,223,0,58,5,1,93,20,2,100,24,3,80,16,4,98,17, 
10,5,6,9,0,40,199,0,43,5,1,16,22,2,65,20,3,100,20,4,76,25, 
10,5,6,9,0,44,220,0,77,36,1,65,12,2,83,10,3,96,21,4,100,22, 
10,5,6,9,0,41,205,0,93,40,1,86,7,2,99,38,3,76,12,4,100,54, 
10,5,6,9,0,31,152,0,70,12,1,100,5,2,32,5,3,99,11,4,26,5, 
10,5,6,9,0,31,152,0,99,54,1,100,29,2,68,5,3,63,20,4,72,10, 
10,5,6,9,0,42,210,0,58,25,1,58,35,2,73,25,3,86,25,4,100,12, 
10,5,6,9,0,59,292,0,33,20,1,100,57,2,99,19,3,78,16,4,98,17, 
10,5,6,8,0,37,181,0,100,10,1,93,5,2,83,4,3,85,15,4,94,24, 
10,5,6,8,0,36,178,0,82,20,1,90,5,2,100,14,3,61,5,4,22,10, 
10,5,6,9,0,41,203,0,99,10,1,76,35,2,100,13,3,83,20,4,87,32, 
10,5,6,9,0,21,104,0,28,3,1,79,15,2,50,16,3,100,6,4,15,0, 
10,5,6,8,0,28,138,0,33,2,1,64,20,2,100,24,3,86,23,4,17,5, 
10,5,6,9,0,44,216,0,100,5,1,61,14,2,99,26,3,70,17,4,66,9, 
10,5,6,9,0,25,125,0,71,11,1,48,13,2,59,11,3,50,15,4,100,19, 
10,5,6,9,0,45,223,0,93,7,1,60,5,2,100,24,3,92,10,4,81,8, 
10,5,6,8,0,21,103,0,53,16,1,38,0,2,100,13,3,36,7,4,46,1, 
10,5,6,8,0,33,164,0,94,26,1,95,15,2,79,20,3,100,15,4,77,12, 
10,5,6,9,0,44,218,0,66,21,1,98,31,2,100,9,3,59,12,4,95,8, 
10,5,6,8,0,33,164,0,41,4,1,27,5,2,97,37,3,100,32,4,76,18, 
10,5,6,8,0,40,198,0,41,10,1,86,38,2,100,25,3,14,5,4,67,15, 
10,5,6,9,0,33,164,0,96,37,1,85,18,2,88,11,3,100,25,4,80,6, 
10,5,6,8,0,34,167,0,87,7,1,100,25,2,98,31,3,67,32,4,72,39, 
10,5,6,9,0,27,135,0,94,13,1,85,11,2,45,3,3,73,16,4,100,24, 
10,5,6,8,0,37,185,0,99,22,1,77,19,2,83,17,3,98,39,4,100,19, 
10,5,6,8,0,36,176,0,100,31,1,86,19,2,77,27,3,26,7,4,46,18, 
10,5,6,9,0,36,177,0,57,14,1,100,19,2,39,19,3,57,13,4,78,25, 
10,5,6,8,0,43,211,0,100,80,1,71,0,2,99,28,3,95,29,4,65,0, 
10,5,6,9,0,44,217,0,63,23,1,100,27,2,98,21,3,99,43,4,84,28, 
10,5,6,9,0,23,114,0,68,10,1,47,3,2,43,5,3,100,10,4,58,20, 
10,5,6,9,0,29,144,0,73,19,1,75,0,2,55,0,3,100,10,4,55,5, 
10,5,6,8,0,37,184,0,47,5,1,81,24,2,47,5,3,100,5,4,52,5, 
10,5,6,8,0,41,205,0,68,15,1,76,26,2,91,11,3,98,20,4,100,15, 
10,5,6,8,0,38,186,0,100,22,1,77,9,2,21,0,3,87,22,4,70,19, 
10,5,6,9,0,49,244,0,93,31,1,90,21,2,90,31,3,100,19,4,90,18, 
10,5,6,9,0,33,162,0,38,2,1,100,6,2,43,0,3,69,13,4,77,14, 
10,5,6,8,0,34,168,0,80,12,1,63,2,2,100,19,3,69,12,4,76,36, 
10,5,6,8,0,42,208,0,69,15,1,19,5,2,100,25,3,64,9,4,84,22, 
10,5,6,8,0,43,211,0,100,15,1,95,14,2,99,30,3,85,21,4,71,28, 